"BechdelTest","title","year","decade","budget2013","domgross2013","intgross2013"
0,"21 &amp; Over",2013,1,1.3e+07,25682380,42195766
1,"Dredd 3D",2012,1,45658735,13611086,41467257
0,"12 Years a Slave",2013,1,2e+07,53107035,158607035
0,"2 Guns",2013,1,6.1e+07,75612460,132493015
0,"42",2013,1,4e+07,95020213,95020213
0,"47 Ronin",2013,1,2.25e+08,38362475,145803842
0,"A Good Day to Die Hard",2013,1,9.2e+07,67349198,304249198
1,"About Time",2013,1,1.2e+07,15323921,87324746
1,"Admission",2013,1,1.3e+07,18007317,18007317
0,"After Earth",2013,1,1.3e+08,60522097,244373198
1,"American Hustle",2013,1,4e+07,148430908,249484909
1,"August: Osage County",2013,1,2.5e+07,37304874,50304874
1,"Beautiful Creatures",2013,1,5e+07,19452138,55940671
1,"Blue Jasmine",2013,1,1.8e+07,33345833,68447831
0,"Captain Phillips",2013,1,5.5e+07,107136417,218743570
1,"Carrie",2013,1,3e+07,35266619,85001659
0,"Cloudy with a Chance of Meatballs 2",2013,1,7.8e+07,119640264,271725448
1,"Despicable Me 2",2013,1,7.6e+07,368065385,970766005
0,"Don Jon",2013,1,5500000,24477704,26377704
1,"Elysium",2013,1,1.2e+08,93050117,286192091
0,"Ender&#39;s Game",2013,1,1.1e+08,61737191,89737191
1,"Epic",2013,1,1e+08,107518682,268418682
1,"Escape from Planet Earth",2013,1,4e+07,57012977,66454811
0,"Escape Plan",2013,1,7e+07,25213103,103813103
1,"Evil Dead",2013,1,1.7e+07,54239856,97402049
1,"Fast and Furious 6",2013,1,1.6e+08,238679850,788128122
1,"Frozen",2013,1,1.5e+08,393050114,1004550114
1,"G.I. Joe: Retaliation",2013,1,1.4e+08,122523060,371923060
0,"Gangster Squad",2013,1,6e+07,46000903,104100903
1,"Gloria",2013,1,3e+07,4167493,4967493
0,"Gravity",2013,1,1.1e+08,271814796,708714796
0,"Grown Ups 2",2013,1,8e+07,133668525,247023808
1,"Hansel &amp; Gretel: Witch Hunters",2013,1,5e+07,55703475,225703475
0,"Her",2013,1,2.3e+07,25000178,33029713
0,"Identity Thief",2013,1,3.5e+07,134506920,176269721
0,"Insidious: Chapter 2",2013,1,5e+06,83586447,161911222
0,"Iron Man 3",2013,1,2e+08,408992272,1212692272
0,"Jack the Giant Slayer",2013,1,1.95e+08,65187603,197387603
1,"Kick-Ass 2",2013,1,2.8e+07,28795985,60839197
0,"Last Vegas",2013,1,2.8e+07,63914167,112914167
1,"Lee Daniels&#39; The Butler",2013,1,3e+07,116632095,151513429
1,"Machete Kills",2013,1,2e+06,8008161,9408161
1,"Mama",2013,1,1.5e+07,71628180,148041253
1,"Man of Steel",2013,1,2.25e+08,291045518,687999518
1,"Nebraska",2013,1,1.2e+07,17482517,17482517
0,"Now You See Me",2013,1,7.5e+07,117723989,351723989
0,"Oblivion",2013,1,1.2e+08,89107235,287537983
0,"Olympus Has Fallen",2013,1,7e+07,98927592,150562164
1,"Oz the Great and Powerful",2013,1,2e+08,234770996,489570996
0,"Pacific Rim",2013,1,1.9e+08,101802906,411002906
0,"Pain &amp; Gain",2013,1,2.6e+07,49875291,81275291
1,"Parker",2013,1,3.5e+07,17616641,46346651
0,"Peeples",2013,1,1.5e+07,9177065,9177065
1,"Percy Jackson: Sea of Monsters",2013,1,9e+07,68559554,200859554
1,"Prisoners",2013,1,4.6e+07,61002302,113402302
0,"R.I.P.D.",2013,1,1.3e+08,33618855,79019947
1,"Red 2",2013,1,8.4e+07,53262560,137162560
0,"Riddick",2013,1,3.8e+07,42025135,92425135
0,"Runner Runner",2013,1,3e+07,19316646,62616646
0,"Rush",2013,1,3.8e+07,26947624,43047624
1,"Safe Haven",2013,1,2.8e+07,71399120,93943623
1,"Saving Mr. Banks",2013,1,3.5e+07,82834332,100734332
1,"Side Effects",2013,1,3e+07,32172757,60288363
0,"Star Trek Into Darkness",2013,1,1.9e+08,228778661,466978661
1,"Texas Chainsaw 3D",2013,1,2e+07,34341945,39093317
1,"The Big Wedding",2013,1,32500000,21819348,35770721
1,"The Book Thief",2013,1,1.9e+07,21345525,62045525
1,"The Call",2013,1,1.3e+07,51872378,58938768
1,"The Conjuring",2013,1,2e+07,137400141,318000141
1,"The Counselor",2013,1,2.5e+07,16973715,70373715
0,"The Croods",2013,1,1.35e+08,187168425,573068425
0,"The Family",2013,1,3e+07,36918811,51078541
0,"The Fifth Estate",2013,1,2.6e+07,3254172,6154172
0,"The Great Gatsby",2013,1,1.9e+08,144840419,351040419
0,"The Hangover part 3",2013,1,1.03e+08,112200072,362000072
1,"The Heat",2013,1,4.3e+07,159581587,230781587
0,"The Hobbit: The Desolation of Smaug",2013,1,2.5e+08,257397516,937397516
0,"The Host",2013,1,5e+07,26623701,58188384
1,"The Hunger Games: Catching Fire",2013,1,1.3e+08,424088260,857088260
0,"The Incredible Burt Wonderstone",2013,1,3.2e+07,22537881,24255957
0,"The Internship",2013,1,5.8e+07,44672764,93672764
1,"The Last Exorcism Part II",2013,1,4e+06,15179303,18541236
0,"The Lone Ranger",2013,1,2.75e+08,89289910,259989910
1,"The Mortal Instruments: City of Bones",2013,1,6e+07,31165421,75965567
0,"The Purge",2013,1,3e+06,64473115,91100541
1,"The Smurfs 2",2013,1,1.1e+08,71017784,348545841
1,"The To Do List",2013,1,1500000,3491669,3491669
1,"The Way Way Back",2013,1,5e+06,21502690,26161443
0,"The Wolf of Wall Street",2013,1,1e+08,115702857,365702857
1,"The Wolverine",2013,1,1.15e+08,132556852,416456852
0,"The World&#39;s End",2013,1,2e+07,26004851,46578821
0,"This Is the End",2013,1,3.2e+07,101470202,126294264
0,"Thor: The Dark World",2013,1,1.7e+08,204674790,631674790
0,"Trance",2013,1,1.6e+07,2322593,22594052
0,"Turbo",2013,1,1.35e+08,83028130,283828130
0,"Warm Bodies",2013,1,3e+07,66380662,116643610
1,"We&#39;re the Millers",2013,1,3.7e+07,150394119,270000119
0,"White House Down",2013,1,1.5e+08,73103784,205440387
0,"World War Z",2013,1,1.9e+08,202359711,539559711
0,"Abraham Lincoln: Vampire Hunter",2012,1,68488103,38068365,116804318
0,"Act of Valor",2012,1,12175663,71037735,83704673
0,"Amour",2012,1,9841994,6837603,26295088
0,"Anna Karenina",2012,1,49717290,13003980,71771007
1,"Argo",2012,1,45151416,138016721,224540219
0,"Battleship",2012,1,212059460,66190353,308594933
0,"Beasts of the Southern Wild",2012,1,1826349,12983057,21388640
1,"Blue Like Jazz",2012,1,1217566,603728,603728
1,"Brave",2012,1,187708135,240755653,562725176
0,"Bullet to the Head",2012,1,55805121,9628746,13760036
0,"Chernobyl Diaries",2012,1,1014639,18384886,38951995
0,"Chronicle",2012,1,12175663,65520463,128935373
1,"Cloud Atlas",2012,1,103493134,27505098,127863295
1,"Contraband",2012,1,25365964,67501874,99847390
0,"Django Unchained",2012,1,101463857,165188672,431600549
0,"Flight",2012,1,31453796,95145068,164140491
0,"Frankenweenie",2012,1,39570904,35804351,82338719
1,"Hannibal",2012,1,88273555,167508980,355225246
1,"Hotel Transylvania",2012,1,86244278,150484138,364480509
0,"Jack Reacher",2012,1,60878314,81242857,220552732
0,"Jagten",2012,1,3500503,697244,697244
1,"John Carter",2012,1,279025606,74128153,286917566
0,"Killing Them Softly",2012,1,15219578,15164322,37783896
1,"Les Miserables",2012,1,65951507,150988132,448493475
0,"Life of Pi",2012,1,121756628,126816653,616887080
1,"Lincoln",2012,1,65951507,184875236,276997302
0,"Madagascar 3: Europe&#39;s Most Wanted",2012,1,147122592,219559143,757855127
0,"Men in Black III",2012,1,218147292,181641463,633967639
0,"Mirror Mirror",2012,1,86244278,65885725,171080229
1,"Moonrise Kingdom",2012,1,16234217,46178703,64949517
0,"Much Ado About Nothing",2012,1,8117109,22879428,22879428
1,"One for the Money",2012,1,42614820,26801198,36727096
1,"Paranormal Activity 4",2012,1,5073193,54689359,144884139
0,"ParaNorman",2012,1,60878314,56822855,109742304
1,"Parental Guidance",2012,1,25365964,78398378,121927729
1,"People Like Us",2012,1,16234217,12613776,12613776
1,"Pitch Perfect",2012,1,17248856,65952616,117019460
1,"Premium Rush",2012,1,35512350,20572249,31852752
0,"Red Dawn",2012,1,65951507,45462690,48869204
0,"Red Tails",2012,1,58849037,50606496,51102777
0,"Rise of the Guardians",2012,1,147122592,104926572,311393491
1,"Rock of Ages",2012,1,71024700,39082470,50852278
0,"Safe",2012,1,33483073,17393015,42102643
1,"Safety Not Guaranteed",2012,1,760979,4069672,4477791
0,"Seven Psychopaths",2012,1,13697621,15243980,23836212
1,"Silent Hill: Revelation 3D",2012,1,20292771,17786836,48646439
1,"Silver Linings Playbook",2012,1,21307410,134026609,230644998
0,"Sinister",2012,1,3043916,48790826,89012016
0,"Skyfall",2012,1,202927713,308815675,1124923772
1,"Snow White and the Huntsman",2012,1,172488556,157407735,406779965
1,"Sparkle",2012,1,10146386,24754613,25021315
1,"Spring Breakers",2012,1,5073193,14331045,31118489
1,"Step Up Revolution",2012,1,33483073,35588120,167975738
0,"Supporting Characters",2012,1,60878,4989,4989
0,"Ted",2012,1,50731928,221866693,557487654
0,"That&#39;s My Boy",2012,1,68488103,37471707,58908258
0,"The Amazing Spider-Man",2012,1,223220484,265866416,768984693
0,"The Avengers",2012,1,60878314,23727745,49296637
0,"The Dark Knight Rises",2012,1,279025606,454699213,1095143990
1,"The Devil Inside",2012,1,1014639,54041622,103248087
0,"The Dictator",2012,1,65951507,60523416,182005391
1,"The Expendables 2",2012,1,101463857,86272883,316546185
0,"The Grey",2012,1,25365964,52335195,85574308
0,"The Hobbit: An Unexpected Journey",2012,1,253659641,307439106,1029557373
1,"The Hunger Games",2012,1,81171085,413983383,694530947
0,"The Impossible",2012,1,40585543,19298306,172073169
0,"The Man with the Iron Fists",2012,1,15219578,15862951,22306925
0,"The Master",2012,1,38048946,16484994,25484413
0,"The Pirates! Band of Misfits",2012,1,55805121,31505670,124857587
0,"The Place Beyond the Pines",2012,1,15219578,21716836,47699629
0,"The Twilight Saga: Breaking Dawn - Part 2",2012,1,138193773,296603952,844848985
1,"The Vow",2012,1,8866236,126844056,200511006
0,"The Watch",2012,1,55805121,34855879,68338951
0,"The Woman in Black",2012,1,15219578,55128651,130843627
0,"The Words",2012,1,6087831,11663106,12310182
1,"Think Like a Man",2012,1,12175663,92887325,97562697
0,"To Rome With Love",2012,1,21814729,16928587,75452356
0,"Total Recall",2012,1,126829821,59739858,201523449
1,"Underworld: Awakening",2012,1,71024700,63233330,162727662
1,"Wanderlust",2012,1,32975753,17541229,24513601
1,"What to Expect When You&#39;re Expecting",2012,1,38048946,41754612,81832836
1,"Won&#39;t Back Down",2012,1,19278133,5388293,5510995
0,"Wrath of the Titans",2012,1,152195785,84894893,306390492
1,"Wreck-It Ralph",2012,1,167415363,192185407,480342759
1,"Zero Dark Thirty",2012,1,53268525,97121930,139736750
0,"30 Minutes or Less",2011,1,28999342,38376408,42428850
0,"50/50",2011,1,8285526,36265871,42810004
0,"A Dangerous Method",2011,1,20713816,5905595,15336023
0,"A Very Harold &amp; Kumar 3D Christmas",2011,1,20713816,36312387,37560098
1,"Another Earth",2011,1,181246,1368348,1844766
0,"Apollo 18",2011,1,5178454,18318189,27464261
0,"Arthur Christmas",2011,1,88033717,48120751,152893489
1,"Attack the Block",2011,1,13463980,1060729,5599381
1,"Bad Teacher",2011,1,19678125,103872387,224136189
0,"Battle: Los Angeles",2011,1,72498355,86534481,219571833
0,"Beastly",2011,1,17606743,28860115,39385487
0,"Blackthorn",2011,1,4660609,207716,1294370
1,"Bridesmaids",2011,1,33659951,175142277,299587165
0,"Captain America: The First Avenger",2011,1,144996710,182959443,383795703
0,"Cars 2",2011,1,207138157,198283907,580147769
1,"Circumstance",2011,1,932122,470329,470329
0,"Colombiana",2011,1,41427631,37974487,74257040
0,"Conan the Barbarian",2011,1,20713816,39629760,81937729
1,"Contagion",2011,1,62141447,78358394,142460919
0,"Coriolanus",2011,1,10356908,776396,1087104
0,"Cowboys &amp; Aliens",2011,1,168817598,103818215,182188693
0,"Diary of a Wimpy Kid: Rodrick Rules",2011,1,18642434,54579387,76325433
0,"Dolphin Tale",2011,1,38320559,74866751,99497492
1,"Dream House",2011,1,51784539,22062637,41357557
0,"Drive",2011,1,15535362,36312033,80840663
1,"Fast Five",2011,1,129461348,217326947,652320815
0,"Final Destination 5",2011,1,41427631,44107629,163522777
1,"Footloose",2011,1,24856579,53651623,65676025
0,"Fright Night",2011,1,31070724,18951742,41966863
0,"Green Lantern",2011,1,207138157,120762760,239452924
0,"Hall Pass",2011,1,37284868,46668987,86680344
1,"Hanna",2011,1,31070724,41695999,67675862
0,"Harry Potter and the Deathly Hallows: Part 2",2011,1,129461348,394609809,1375512553
0,"Haywire",2011,1,23820888,19618465,22967676
0,"Hesher",2011,1,7249836,396614,396614
1,"Higher Ground",2011,1,1864243,871074,889847
0,"Hobo with a Shotgun",2011,1,3107072,728476,864753
0,"Hop",2011,1,65248520,111942955,191524428
1,"Horrible Bosses",2011,1,36249178,121733603,222195609
0,"Hugo",2011,1,186424342,76500789,191637196
0,"I Am Number Four",2011,1,51784539,57067015,151193038
0,"Immortals",2011,1,77676809,86484341,219113265
0,"In Time",2011,1,36249178,38894261,176134406
1,"Iris",2011,1,5696299,5779651,15695916
1,"Jin ling shi san chai",2011,1,103569079,322549,97066426
0,"Johnny English Reborn",2011,1,46606085,8602417,170412210
1,"Jumping the Broom",2011,1,7249836,38626496,39520511
0,"Just Go with It",2011,1,82855263,106705263,222647578
0,"Kill List",2011,1,828553,30100,478703
0,"Killer Elite",2011,1,72498355,26021717,59839216
1,"Kung Fu Panda 2",2011,1,155353618,171146932,688566122
0,"Le Havre",2011,1,5696299,633541,13961315
1,"Like Crazy",2011,1,258923,3516575,3864669
0,"Limitless",2011,1,27963651,82077930,175797590
1,"Margaret",2011,1,14499671,48869,48869
0,"Margin Call",2011,1,3521349,5544660,18510079
0,"Mars Needs Moms",2011,1,155353618,22156282,40961320
1,"Martha Marcy May Marlene",2011,1,1035691,3087434,3657064
1,"Melancholia",2011,1,9735493,3139021,18688080
1,"Midnight in Paris",2011,1,31070724,58844493,160342190
0,"Mission: Impossible - Ghost Protocol",2011,1,150175164,216871479,719508092
0,"Moneyball",2011,1,51784539,78303911,115142275
0,"Mr. Popper&#39;s Penguins",2011,1,56962993,70659436,196392298
1,"New Year&#39;s Eve",2011,1,26927960,56491379,148791377
1,"No Strings Attached",2011,1,25892270,73184210,154554145
1,"October Baby",2011,1,1035691,5547001,5547001
1,"Our Idiot Brother",2011,1,5178454,25700491,26784257
1,"Paranormal Activity 3",2011,1,5178454,107741677,214429259
1,"Paul",2011,1,41427631,38748242,103755310
0,"Pirates of the Caribbean: On Stranger Tides",2011,1,258922697,249667634,1080913060
0,"Priest",2011,1,62141447,30176535,87157549
0,"Puss in Boots",2011,1,134639802,154587729,574795417
0,"Rango",2011,1,139818256,127656741,254266825
0,"Real Steel",2011,1,113925987,88513562,303703179
1,"Red Riding Hood",2011,1,43499013,39006354,93523336
1,"Red State",2011,1,4142763,1103455,1103455
1,"Restless",2011,1,8285526,169597,2918985
0,"Rio",2011,1,93212171,148745713,504919774
0,"Rise of the Planet of the Apes",2011,1,96319243,183068895,500093845
0,"Shame",2011,1,6731990,4145138,11166495
1,"Snow Flower and the Secret Fan",2011,1,6214145,1396324,11753231
1,"Soul Surfer",2011,1,18642434,45418587,48841781
0,"Source Code",2011,1,33142105,56664949,145440503
1,"Straw Dogs",2011,1,25892270,10692928,11655479
1,"Sucker Punch",2011,1,77676809,37691379,92961937
1,"Super 8",2011,1,51784539,131537058,269379017
1,"Take Shelter",2011,1,4919531,1790661,3240628
0,"The Adjustment Bureau",2011,1,51991677,64726164,132354553
0,"The Adventures of Tintin",2011,1,134639802,80361144,387342089
0,"The Artist",2011,1,16571053,46261299,132834295
1,"The Best Exotic Marigold Hotel",2011,1,10356908,48039108,139537943
0,"The Cabin in the Woods",2011,1,31070724,43574905,73293915
1,"The Darkest Hour",2011,1,36042039,22208829,65074228
1,"The Divide",2011,1,3107072,18642,18642
1,"The Future",2011,1,1035691,588958,588958
0,"The Girl with the Dragon Tattoo",2011,1,93212171,106174662,241492267
0,"The Green Hornet",2011,1,113925987,102305579,236120048
0,"The Guard",2011,1,6214145,5551069,16513705
1,"The Help",2011,1,25892270,175762513,220726425
1,"The Iron Lady",2011,1,14499671,31028712,119717677
0,"The Lincoln Lawyer",2011,1,41427631,60079594,90255363
0,"The Mechanic",2011,1,44016858,30160867,79072292
0,"The Muppets",2011,1,46606085,91789051,166717137
0,"The Rite",2011,1,38320559,34227129,99475649
1,"The Roommate",2011,1,16571053,38631377,41942847
1,"The Smurfs",2011,1,113925987,147704169,583162839
0,"The Three Musketeers",2011,1,93212171,21105217,144870266
0,"The Tree of Life",2011,1,36249178,13780555,64529403
1,"The Twilight Saga: Breaking Dawn - Part 1",2011,1,132050575,291326492,735276926
1,"Thor",2011,1,155353618,187491749,465363438
0,"Tinker Tailor Soldier Spy",2011,1,21749507,25011304,84359926
0,"Tower Heist",2011,1,88033717,80832113,158947830
1,"Transformers: Dark of the Moon",2011,1,201959703,364967639,1163903170
0,"War Horse",2011,1,72498355,82734459,162412399
0,"Warrior",2011,1,25892270,14144548,25079651
0,"We Bought a Zoo",2011,1,51784539,78323650,123169061
0,"Weekend",2011,1,196781,501887,1633890
1,"What&#39;s Your Number",2011,1,20713816,14511151,31807187
0,"Winnie the Pooh",2011,1,31070724,27645535,51935343
1,"X-Men: First Class",2011,1,165710526,151633733,368093107
1,"Young Adult",2011,1,12428289,16893744,23562334
1,"Your Sister&#39;s Sister",2011,1,124283,1654502,3200899
0,"127 Hours",2010,1,19228173,19586277,64879307
1,"Alice in Wonderland",2010,1,213646368,356993585,1094287202
0,"Animal Kingdom",2010,1,4486574,1115276,8629906
1,"Another Year",2010,1,8545855,3424437,19768384
1,"Barney&#39;s Version",2010,1,32046955,8014473,9449125
0,"Beginners",2010,1,3418342,6186017,12353318
0,"Biutiful",2010,1,37388114,5449304,26813941
1,"Black Swan",2010,1,13887014,114252393,353869648
0,"Blue Valentine",2010,1,1068232,10402326,17696585
1,"Burlesque",2010,1,58752751,42131764,95774887
0,"Casino Jack",2010,1,13352898,2179053,2222851
0,"Centurion",2010,1,16023478,132001,7075508
0,"Charlie St. Cloud",2010,1,47002201,33335524,51785833
0,"Clash of the Titans",2010,1,133528980,174351340,526867848
1,"Conviction",2010,1,13352898,7261515,10824983
0,"Cop Out",2010,1,39524578,47937418,59724746
1,"Country Strong",2010,1,16023478,21598495,21953741
0,"Cyrus",2010,1,7477623,7978555,10724926
1,"Date Night",2010,1,58752751,105446665,162658630
0,"Dear John",2010,1,26705796,85474402,118960872
1,"Despicable Me",2010,1,73707997,268675247,580578700
1,"Devil",2010,1,10682318,35977680,67676882
1,"Diary of a Wimpy Kid",2010,1,16023478,68370710,82205045
0,"Dinner for Schmucks",2010,1,73707997,78009058,92718787
1,"Don&#39;t Be Afraid of the Dark",2010,1,26705796,25687431,33703834
0,"Due Date",2010,1,69435070,107399007,226186388
0,"Dylan Dog: Dead of Night",2010,1,21364637,1267498,6506276
1,"Easy A",2010,1,8545855,62386303,81400037
1,"Eat, Pray, Love",2010,1,64093910,86071723,219892171
0,"Edge of Darkness",2010,1,64093910,46269276,86749716
0,"Everything Must Go",2010,1,5341159,2897185,2897185
1,"Fair Game",2010,1,53411592,12281992,27878177
0,"Faster",2010,1,12818782,24825729,38091703
1,"For Colored Girls",2010,1,22432869,40304065,40611902
0,"Frozen",2010,1,160234776,419868647,1073092418
0,"Get Him To The Greek",2010,1,42729274,65326144,97696078
1,"Going the Distance",2010,1,34183419,19019119,42718768
0,"Green Zone",2010,1,106823184,37919386,104177195
1,"Grown Ups",2010,1,80117388,173054825,290797736
0,"Gunless",2010,1,10575495,489308,489308
1,"Harry Potter and the Deathly Hallows: Part 1",2010,1,133528980,316178791,1021656625
0,"Hot Tub Time Machine",2010,1,38456346,53699864,67522890
1,"How to Train Your Dragon",2010,1,176258254,232427199,528636950
1,"I Am Love",2010,1,10682318,5346997,16164710
0,"Inception",2010,1,170917095,312539208,889393184
1,"Insidious",2010,1,1602348,57694294,106685260
1,"Iron Man 2",2010,1,181599413,333751233,666108069
0,"It&#39;s Kind of a Funny Story",2010,1,8545855,6797830,7080589
0,"Kick-Ass",2010,1,29910492,51351297,104182018
0,"Knight and Day",2010,1,124983125,81637519,280028482
1,"Legion",2010,1,27774028,42908822,73552139
0,"Let Me In",2010,1,21364637,12962924,30199340
0,"Letters to Juliet",2010,1,32046955,56650955,84535576
0,"Love and Other Drugs",2010,1,32046955,34575465,109728398
1,"Machete",2010,1,13352898,28408179,47356808
1,"Made In Dagenham",2010,1,8545855,1170108,16711628
0,"Meek&#39;s Cutoff",2010,1,2136464,1044487,1997517
0,"Megamind",2010,1,138870139,158542540,343850165
0,"Monsters",2010,1,534116,253492,6024539
1,"Morning Glory",2010,1,42729274,33127720,64137680
1,"Nanny McPhee and the Big Bang",2010,1,37388114,31189851,104472930
1,"Never Let Me Go",2010,1,16023478,2600773,12294827
1,"Paranormal Activity 2",2010,1,3204696,90535754,189624005
0,"Percy Jackson &amp; the Olympians: The Lightning Thief",2010,1,101482025,94825128,241919399
1,"Please Give",2010,1,3204696,4308792,4882010
0,"Predators",2010,1,42729274,55548791,135915826
0,"Prince of Persia: The Sands of Time",2010,1,213646368,96952376,357921415
1,"Rabbit Hole",2010,1,5341159,2381151,6238038
1,"Ramona and Beezus",2010,1,16023478,27952425,29343924
0,"Red",2010,1,64093910,96546967,209843135
1,"Remember Me",2010,1,17091709,20369301,60361637
1,"Repo Men",2010,1,34183419,14893296,19436733
0,"Robin Hood",2010,1,224328687,112684730,344460978
1,"Salt",2010,1,138870139,126383971,315890541
1,"Scott Pilgrim vs. the World",2010,1,90799707,33768214,51371013
1,"Secretariat",2010,1,37388114,63772921,64495830
1,"Sex and the city 2",2010,1,101482025,101853441,314787390
0,"Shrek Forever After",2010,1,176258254,255026238,807844640
0,"Shutter Island",2010,1,85458547,136747492,317084404
0,"Skyline",2010,1,10682318,22877632,84062765
0,"Somewhere",2010,1,7477623,1907483,15367204
0,"Submarine",2010,1,2029641,499507,4894571
0,"Super",2010,1,2670580,350077,553731
0,"Takers",2010,1,34183419,61684749,75403567
1,"Tangled",2010,1,277740279,214524387,626605502
0,"The A-Team",2010,1,117505503,82491105,189334662
1,"The Back-up Plan",2010,1,37388114,40048019,80417752
1,"The Chronicles of Narnia: The Voyage of the Dawn Treader",2010,1,165575935,111509464,446720616
0,"The Conspirator",2010,1,26705796,12325477,16992803
1,"The Crazies",2010,1,20296405,41793064,58705899
1,"The Debt",2010,1,21364637,33304850,49783934
0,"The Expendables",2010,1,87595011,110101079,286572606
0,"The Fighter",2010,1,11750550,100004670,138082199
0,"The Ghost Writer",2010,1,48070433,16601978,70003894
0,"The Illusionist",2010,1,17625825,42588953,89509349
0,"The Karate Kid",2010,1,42729274,188640789,383593100
1,"The Kids Are All Right",2010,1,4272927,22231363,38750611
0,"The Killer Inside Me",2010,1,13887014,232102,3864090
1,"The King&#39;s Speech",2010,1,16023478,148267855,460216888
0,"The Last Airbender",2010,1,160234776,140763246,341528548
1,"The Last Exorcism",2010,1,1922817,43834199,74953449
0,"The Losers",2010,1,26705796,25201119,28536765
1,"The Next Three Days",2010,1,32046955,22591662,71844911
0,"The Other Guys",2010,1,106823184,127354577,182599780
1,"The Runaways",2010,1,10148202,3817511,5638803
0,"The Social Network",2010,1,42729274,103578637,240268986
0,"The Sorcerer&#39;s Apprentice",2010,1,170917095,67459899,229831139
1,"The Spy Next Door",2010,1,29910492,25965625,54462053
0,"The Switch",2010,1,20296405,29652476,53260400
1,"The Tempest",2010,1,21364637,296908,296908
0,"The Tourist",2010,1,106823184,72245755,297749724
0,"The Town",2010,1,39524578,98476300,162976800
1,"The Twilight Saga: Eclipse",2010,1,72639765,321037586,747325041
0,"The Wolfman",2010,1,160234776,66433214,152366563
1,"Tiny Furniture",2010,1,53412,418399,453089
0,"Toy Story 3",2010,1,213646368,443321427,1136341723
0,"Tron Legacy",2010,1,213646368,183802922,424689202
1,"True Grit",2010,1,37388114,182927231,269490247
1,"Tucker and Dale vs Evil",2010,1,5341159,239111,5850485
0,"Unstoppable",2010,1,101482025,87128132,181077698
1,"Valentine&#39;s Day",2010,1,55548056,118024294,232414484
0,"Wall Street: Money Never Sleeps",2010,1,74776229,56055056,146808831
1,"Welcome to the Rileys",2010,1,10682318,163287,334204
0,"Wild Target",2010,1,8545855,116798,116798
1,"Winter&#39;s Bone",2010,1,2136464,6977159,17232238
0,"Yogi Bear",2010,1,85458547,107085981,216086548
1,"You Again",2010,1,21364637,27455751,35079607
1,"You Will Meet a Tall Dark Stranger",2010,1,16023478,3469420,36584608
0,"(500) Days of Summer",2009,2,8142987,35168338,66015966
1,"17 Again",2009,2,43429264,69668214,151432312
0,"2012",2009,2,217146319,180353228,856000062
0,"9",2009,2,32571948,34471863,52723125
0,"A Perfect Getaway",2009,2,15200242,16845625,24771466
0,"A Serious Man",2009,2,7600121,10019987,32963430
0,"A Single Man",2009,2,7600121,9962673,30555070
0,"Adam",2009,2,3474341,2472641,3071090
0,"Adventureland",2009,2,10640170,17419505,18613810
0,"Agora",2009,2,76001212,672527,42335163
0,"Ajami",2009,2,1085732,675172,675172
1,"All About Steve",2009,2,16285974,36766024,43567433
1,"An Education",2009,2,8142987,13652981,32194912
0,"Angels &amp; Demons",2009,2,162859739,144810370,532959416
0,"Armored",2009,2,21714632,17359628,25689537
0,"Astro Boy",2009,2,70572554,21227211,47873178
0,"Avatar",2009,2,461435929,825707158,3022588801
1,"Away We Go",2009,2,22800364,10262276,10974592
0,"Br&uuml;no",2009,2,45600727,65203101,142000928
1,"Bride Wars",2009,2,32571948,63749284,125022454
1,"Bright Star",2009,2,9228719,4825683,18740466
0,"Brooklyn&#39;s Finest",2009,2,18457437,29492371,42596761
1,"Brothers",2009,2,28229022,30991293,48905553
0,"Capitalism: A Love Story",2009,2,21714632,15594794,20760850
1,"Case 39",2009,2,29314753,14398811,31814980
0,"Chloe",2009,2,14114511,3338902,10504640
0,"Cloudy with a Chance of Meatballs",2009,2,108573160,135575603,257131292
1,"Coco avant Chanel",2009,2,24971827,6637983,55170185
1,"Coraline",2009,2,65143896,81740638,136842415
0,"Daybreakers",2009,2,21714632,32682233,55808316
0,"Dead Snow",2009,2,868585,50749,2382117
0,"District 9",2009,2,32571948,125560771,233645777
1,"Drag Me to Hell",2009,2,32571948,45709979,99223368
0,"Enter the Void",2009,2,17371706,366974,366974
0,"Everybody&#39;s Fine",2009,2,21714632,9998368,9998368
0,"Fantastic Mr. Fox",2009,2,43429264,22803533,50485349
0,"Fast &amp; Furious",2009,2,92287186,168358172,394190344
0,"Fired Up!",2009,2,21714632,18708557,20203912
1,"Fish Tank",2009,2,3257195,406796,6430020
0,"Friday the 13th",2009,2,18457437,70574746,99562425
0,"Funny People",2009,2,78715541,56300661,78042718
0,"G-Force",2009,2,162859739,129676275,312028062
0,"G.I. Joe: The Rise of Cobra",2009,2,190003029,163078512,328400169
0,"Gamer",2009,2,54286580,22295397,38068663
0,"Get Low",2009,2,7600121,9963686,10528267
0,"Harry Brown",2009,2,7925841,1974599,6833747
1,"Harry Potter and the Half-Blood Prince",2009,2,271432899,327846641,1014525504
1,"He&#39;s Just Not That Into You",2009,2,43429264,102008450,193683923
0,"I Love You Phillip Morris",2009,2,14114511,2212134,16443063
0,"I Love You, Man",2009,2,43429264,77564677,99593620
0,"Ice Age: Dawn of the Dinosaurs",2009,2,97715844,213426283,963009937
0,"Inglourious Basterds",2009,2,76001212,131190089,344146212
0,"Invictus",2009,2,53200848,40705558,135164207
1,"It&#39;s Complicated",2009,2,92287186,122400359,243871325
1,"Jennifer&#39;s Body",2009,2,17371706,17594056,35646920
1,"Julie &amp; Julia",2009,2,43429264,102194949,137503693
0,"Knowing",2009,2,54286580,86812530,203964063
0,"Law Abiding Citizen",2009,2,57543775,79646802,142404318
1,"Life During Wartime",2009,2,4885792,305576,305576
0,"Micmacs (Micmacs &agrave; tire-larigot)",2009,2,45600727,1367688,12764862
0,"Monsters vs Aliens",2009,2,190003029,215356519,414410048
0,"Moon",2009,2,5428658,5439692,11591350
1,"Mother and Child",2009,2,7600121,1205715,5440068
0,"My Bloody Valentine 3D",2009,2,15200242,55965069,111564348
1,"My Sister&#39;s Keeper",2009,2,29857619,53418244,104960933
0,"Nine",2009,2,86858528,21363903,58096258
0,"Ninja Assassin",2009,2,54286580,41391219,66905911
0,"Nowhere Boy",2009,2,2062890,1569280,8452669
1,"Ondine",2009,2,13028779,597665,597665
0,"Paa",2009,2,4668646,216308,10630704
0,"Pandorum",2009,2,43429264,11216534,18493734
0,"Perrier&#39;s Bounty",2009,2,7165829,899,899
0,"Planet 51",2009,2,65143896,45811424,118340524
1,"Precious: Based on the Novel Push by Sapphire",2009,2,10857316,51644478,74614567
0,"Public Enemies",2009,2,111287489,105429554,228416195
1,"Push",2009,2,41257801,34538780,48218998
0,"Sherlock Holmes",2009,2,97715844,226949041,541170116
1,"Splice",2009,2,32571948,18468479,24386618
1,"Star Trek",2009,2,152002424,279825625,418745446
1,"State of Play",2009,2,65143896,40191563,99285148
0,"Surrogates",2009,2,86858528,41885106,129927709
0,"Terminator Salvation",2009,2,217146319,136066564,403488847
0,"The Blind Side",2009,2,38000606,277903289,331914441
0,"The Boat That Rocked",2009,2,54286580,8704817,40685241
0,"The Boondock Saints II: All Saints Day",2009,2,8685853,11153924,11153924
1,"The Box",2009,2,27143290,16342407,28600229
1,"The City of Your Final Destination",2009,2,9011572,535587,1469316
1,"The Final Destination",2009,2,43429264,72176939,203449410
1,"The Fourth Kind",2009,2,10857316,28465896,53729463
0,"The Girl with the Dragon Tattoo",2009,2,97715844,111304636,253160295
0,"The Girlfriend Experience",2009,2,1411451,755495,1092072
1,"The Good Guy",2009,2,10857316,109320,109320
0,"The Hangover",2009,2,38000606,301097804,509809040
0,"The Imaginarium of Doctor Parnassus",2009,2,32571948,8348849,69869659
0,"The Informant!",2009,2,23886095,36173125,45352277
0,"The Invention of Lying",2009,2,20086035,20033106,35480909
1,"The Last Station",2009,2,19543169,7185227,17041802
1,"The Lovely Bones",2009,2,103144502,47896216,103029901
0,"The Men Who Stare at Goats",2009,2,26057558,35208316,73122088
0,"The Messenger",2009,2,7057255,1204793,1530512
1,"The Princess and the Frog",2009,2,114001818,113351355,294230416
0,"The Proposal",2009,2,43429264,178014415,341690283
0,"The Road",2009,2,27143290,8809919,29981685
0,"The Secret of Kells",2009,2,8685853,749470,2823897
0,"The Soloist",2009,2,65143896,34439578,41750888
0,"The Taking of Pelham 123",2009,2,119430476,71063643,165426811
0,"The Time Traveler&#39;s Wife",2009,2,42343532,68851502,107125483
0,"The Ugly Truth",2009,2,41257801,96538057,222824741
1,"The Unborn",2009,2,17371706,46328612,84913778
1,"The Young Victoria",2009,2,38000606,11944429,34611919
1,"Transformers: Revenge of the Fallen",2009,2,228003635,436585563,908235868
0,"Up",2009,2,190003029,318123879,794258938
0,"Up in the Air",2009,2,32571948,91009693,181146433
0,"Watchmen",2009,2,149830960,116726786,199848831
0,"Whatever Works",2009,2,16285974,5761658,38116460
0,"Where the Wild Things Are",2009,2,108573160,83854815,107621685
1,"Whip It",2009,2,16285974,14161591,20472719
1,"Whiteout",2009,2,38000606,11156585,13305365
0,"X-Men Origins: Wolverine",2009,2,162859739,195304827,406960171
0,"Youth in Revolt",2009,2,19543169,16596046,21373265
1,"Zombieland",2009,2,25623266,82070762,111001503
1,"21",2008,2,37878971,87835235,170836899
0,"Appaloosa",2008,2,21645126,21873909,30016892
0,"Australia",2008,2,140693320,53630131,232772564
1,"Baby Mama",2008,2,32467689,65470243,69688090
0,"Be Kind Rewind",2008,2,21645126,12094392,33435494
1,"Bedtime Stories",2008,2,86580505,119158557,236319281
1,"Blindness",2008,2,27056408,3326198,21702440
1,"Bolt",2008,2,162338447,123435400,339778437
0,"Burn After Reading",2008,2,40043484,65319955,176857711
1,"Changeling",2008,2,59524097,38679626,123166807
0,"Che: Part One",2008,2,62770866,317867,32595998
1,"City of Ember",2008,2,41125740,8519189,12789087
1,"Cloverfield",2008,2,27056408,86632922,184810452
0,"Death Race",2008,2,70346660,39303255,78481785
1,"Defiance",2008,2,54112816,31001030,45745616
1,"Definitely, Maybe",2008,2,7575794,34893728,60458935
1,"Doomsday",2008,2,35714458,11914311,23399667
1,"Doubt",2008,2,21645126,36197653,55137666
0,"Eagle Eye",2008,2,86580505,109784884,192713668
1,"Easy Virtue",2008,2,15151588,2875321,13697884
0,"Fireproof",2008,2,541128,36208310,36226687
0,"Fly Me to the Moon",2008,2,27056408,15740274,62280329
1,"Forgetting Sarah Marshall",2008,2,32467689,68368797,113824188
1,"Four Christmases",2008,2,86580505,130028810,176998734
0,"Frost/Nixon",2008,2,31385433,20153811,30459656
1,"Frozen River",2008,2,1082256,2718061,6526145
1,"Gake no ue no Ponyo",2008,2,36796715,16331680,222200929
0,"Ghost Town",2008,2,21645126,14342754,28801384
0,"Gran Torino",2008,2,27056408,160277075,297125986
1,"Hamlet 2",2008,2,9740307,5288138,5301200
0,"Hancock",2008,2,162338447,246696294,675702695
1,"Herb &amp; Dorothy",2008,2,89286146,82236872,173580993
1,"High School Musical 3: Senior Year",2008,2,11904819,98008500,296963426
0,"Igor",2008,2,32467689,21134953,33564393
0,"In Bruges",2008,2,16233845,8442492,37374405
0,"Indiana Jones and the Kingdom of the Crystal Skull",2008,2,200217418,343101064,851257517
1,"Inkheart",2008,2,64935379,18726740,62826552
0,"Iron Man",2008,2,201299674,344811326,630352749
0,"Journey to the Center of the Earth",2008,2,48701534,110070196,260720275
0,"Jumper",2008,2,89286146,87844867,241465674
0,"Kung Fu Panda",2008,2,140693320,233155446,683889160
0,"L&aring;t den r&auml;tte komma in (Let the Right One In)",2008,2,4870153,2296640,13255131
0,"Made of Honor",2008,2,43290252,49797572,115313044
1,"Max Payne",2008,2,37878971,44034081,92816237
0,"Meet Dave",2008,2,64935379,12774146,54814990
0,"Milk",2008,2,21645126,34460447,62006112
0,"Miracle at St. Anna",2008,2,48701534,8568101,9859851
1,"Nick and Norah&#39;s Infinite Playlist",2008,2,10822563,34077322,36303849
1,"Nim&#39;s Island",2008,2,40043484,51955621,101820495
0,"Pineapple Express",2008,2,28138664,94525760,109902346
0,"Pontypool",2008,2,1623384,4183,34541
1,"Possession",2008,2,27056408,10934736,16023683
1,"Prom Night",2008,2,19480614,47477881,61807319
0,"Quantum of Solace",2008,2,248918952,183300049,640362486
1,"Quarantine",2008,2,12987076,34298662,44688323
1,"Rachel Getting Married",2008,2,12987076,13849484,14423083
1,"Revolutionary Road",2008,2,48701534,24796094,86109680
0,"RocknRolla",2008,2,19480614,6169538,30080599
1,"Seven Pounds",2008,2,58441841,75705803,180322655
1,"Sex and the City",2008,2,62229738,165203458,449403966
0,"Slumdog Millionaire",2008,2,15151588,152944384,416148834
1,"Speed Racer",2008,2,129870757,47560583,101076746
0,"Step Brothers",2008,2,70346660,108732985,139036162
1,"Sunshine Cleaning",2008,2,5411282,13054780,17816707
0,"Synecdoche, New York",2008,2,21645126,3337178,4744112
1,"Taken",2008,2,27056408,156928235,245608963
1,"The Bank Job",2008,2,21645126,32533339,71583685
0,"The Brothers Bloom",2008,2,21645126,3822265,5986778
1,"The Chronicles of Narnia: Prince Caspian",2008,2,243507670,153270751,453996009
0,"The Curious Case of Benjamin Button",2008,2,173161010,137997773,356938225
0,"The Dark Knight",2008,2,200217418,577216380,1085385502
1,"The Day the Earth Stood Still",2008,2,86580505,85895413,252238208
1,"The Eye",2008,2,12987076,34003083,61600619
0,"The Forbidden Kingdom",2008,2,59524097,56358790,139692526
1,"The House Bunny",2008,2,27056408,52205219,76014858
0,"The Hurt Locker",2008,2,16233845,18417633,53998338
0,"The Incredible Hulk",2008,2,148810243,145895632,285085699
1,"The Lucky Ones",2008,2,15151588,288927,288927
1,"The Other Boleyn Girl",2008,2,43290252,29020656,84107503
0,"The Reader",2008,2,35173330,37007113,122315840
1,"The Secret Life of Bees",2008,2,11904819,40876996,43272961
1,"The Sisterhood of the Traveling Pants 2",2008,2,29220920,47716642,47911629
0,"The Strangers",2008,2,9740307,56924095,89883201
1,"The Tale of Despereaux",2008,2,64935379,55062111,97925059
1,"The Women",2008,2,17316101,29114940,54225162
0,"The Wrestler",2008,2,6493538,28396504,50470238
1,"Transsiberian",2008,2,16233845,2384904,6904335
0,"Tropic Thunder",2008,2,97403068,119547447,203641087
1,"Twilight",2008,2,40043484,208626391,430655689
0,"Valkyrie",2008,2,97403068,89911432,220674342
1,"Vicky Cristina Barcelona",2008,2,17316101,25126430,113100998
0,"WALL-E",2008,2,194806136,242217798,576399965
0,"Waltz with Bashir",2008,2,2164513,2471710,12040820
0,"Wanted",2008,2,81169223,145572728,370582375
0,"Welcome Home, Roscoe Jenkins",2008,2,29762049,45927188,47194630
1,"Wendy and Lucy",2008,2,324677,936904,1532525
1,"What Happens In Vegas",2008,2,37878971,86880989,236511649
0,"Yes Man",2008,2,54112816,105726675,244580160
1,"1408",2007,2,25279728,80878983,147480104
1,"28 Weeks Later",2007,2,16853152,32177067,72168247
0,"3:10 to Yuma",2007,2,53930087,60229701,79964640
0,"30 Days of Night",2007,2,33706305,44457488,90193752
0,"88 Minutes",2007,2,33706305,19022584,37026824
1,"Across the Universe",2007,2,50559457,27351175,32995262
1,"Atonement",2007,2,33706305,57278425,146285687
1,"Becoming Jane",2007,2,18538467,20969716,44228231
1,"Beowulf",2007,2,168531522,92349898,219085603
1,"Blades of Glory",2007,2,68536152,133246132,163581806
1,"Bridge to Terabithia",2007,2,28088587,92393631,155031909
1,"Brooklyn Rules",2007,2,8988348,514844,514844
0,"Charlie Bartlett",2007,2,13482522,4438327,5950184
1,"Charlie Wilson&#39;s War",2007,2,84265761,74896639,134277795
1,"Death at a Funeral",2007,2,23594413,48019515,55028051
1,"Diary of the Dead",2007,2,3089745,1070310,6060896
1,"Disturbia",2007,2,22470870,90119077,132098426
1,"Eastern Promises",2007,2,56177174,19303898,62207616
1,"Enchanted",2007,2,95501196,143484229,382436383
0,"Fantastic Four: Rise of the Silver Surfer",2007,2,134825218,148219809,323822443
1,"Gone Baby Gone",2007,2,21347326,22808178,38896737
1,"Hairspray",2007,2,84265761,133557691,227935344
1,"Halloween",2007,2,16853152,65467925,87090800
0,"Hannibal Rising",2007,2,56177174,31088139,90538854
1,"Harry Potter and the Order of the Phoenix",2007,2,168531522,328080020,1059438513
0,"Hitman",2007,2,19662011,44590850,112315914
1,"Hostel: Part II",2007,2,8426576,19712359,37758262
0,"Hot Fuzz",2007,2,17976696,26536733,91841386
0,"Hot Rod",2007,2,28088587,15660322,16105323
1,"I Am Legend",2007,2,168531522,288068696,657733649
0,"Into the Wild",2007,2,22470870,20621917,63362472
1,"Juno",2007,2,7864804,161223170,260044254
1,"Knocked Up",2007,2,30897446,167140312,246229599
1,"Lars and the real Girl",2007,2,14044294,6692364,11857251
0,"Live Free or Die Hard",2007,2,123589783,151149634,430914277
0,"Michael Clayton",2007,2,24156185,55091699,104475669
0,"Music and Lyrics",2007,2,44941739,56820503,162937935
0,"No Country for Old Men",2007,2,28088587,83449513,184318713
1,"No Reservations",2007,2,31459218,48433689,102990511
0,"Paranormal Activity",2007,2,505595,121251476,218173082
1,"Persepolis",2007,2,8201867,4992356,25552185
1,"Pirates of the Caribbean: At World&#39;s End",2007,2,337063045,347647302,1079721346
1,"Premonition",2007,2,22470870,53764481,91525361
0,"Ratatouille",2007,2,168531522,231950669,703955827
1,"Resident Evil: Extinction",2007,2,50559457,56905993,164220396
0,"Rush Hour 3",2007,2,202237827,157437618,284285677
0,"Shooter",2007,2,67412609,52810568,107527136
1,"Shrek the Third",2007,2,179766957,362589890,907071412
1,"St. Trinian&#39;s",2007,2,12808396,16853,25219695
1,"Stardust",2007,2,78648044,43408033,152303819
0,"Sunshine",2007,2,44941739,4144258,35987783
0,"Superbad",2007,2,19662011,136469216,190848721
1,"Sydney White",2007,2,18538467,13361645,15321020
0,"Teeth",2007,2,2247087,390519,2641047
0,"The Bucket List",2007,2,50559457,105013679,195845194
1,"The Golden Compass",2007,2,230326414,78769081,418222056
0,"The Kite Runner",2007,2,22470870,17752075,83345293
1,"The Messengers",2007,2,17976696,39745163,60418363
1,"The Mist",2007,2,14606065,28755697,61544892
0,"The Number 23",2007,2,35953391,39541053,87179297
1,"The Savages",2007,2,10111891,7441321,11956776
0,"The Signal",2007,2,56177,282178,456495
1,"The Simpsons Movie",2007,2,81456903,205760152,592187212
0,"The Visitor",2007,2,4494174,10591674,21543741
0,"There Will Be Blood",2007,2,28088587,45191743,86747344
0,"TMNT",2007,2,39324022,60838866,107968055
0,"Transformers",2007,2,169655066,358686980,795775055
1,"Tropa de Elite",2007,2,7345604,9824,16088238
1,"Waitress",2007,2,1685315,21456928,24961971
0,"We Own the Night",2007,2,31459218,32091974,62140782
0,"300",2006,2,69347781,243427977,524918705
0,"A Scanner Darkly",2006,2,23115927,6358748,8558769
1,"Akeelah and the Bee",2006,2,9246371,21784947,21913233
1,"Aquamarine",2006,2,13869556,21494740,26558990
1,"Black Christmas",2006,2,10402167,18765207,18765207
0,"Blood Diamond",2006,2,115579635,66317186,198077969
0,"Bon Cop, Bad Cop",2006,2,9246371,14645442,14645442
0,"Borat: Cultural Learnings of America for Make Benefit Glorious Nation of Kazakhstan",2006,2,20804334,148526717,302324822
1,"Bug",2006,2,4623185,8098328,8098328
0,"Cars",2006,2,80905744,282110219,533594150
0,"Casino Royale",2006,2,117891227,193439856,689276488
1,"Children of Men",2006,2,87840522,41091314,80270290
0,"Clerks II",2006,2,5778982,27910249,29928737
0,"Crank",2006,2,13869556,32175530,50768266
0,"Das Leben Der Anderen",2006,2,2311593,13042765,93847250
1,"DOA: Dead or Alive",2006,2,34673890,555145,8964615
1,"El laberinto del fauno (Pan's Labyrinth)",2006,2,18492742,43497951,100602327
0,"Eragon",2006,2,115579635,86719588,288357452
0,"Fido",2006,2,9246371,344554,485204
1,"Final Destination 3",2006,2,28894909,62526330,130371575
0,"Flushed Away",2006,2,172213656,74740347,205345335
1,"For Your Consideration",2006,2,13869556,6414581,6414581
1,"Friends with Money",2006,2,7512676,15451191,20247613
0,"Ice Age: The Meltdown",2006,2,86684726,225762418,753462808
1,"Idlewild",2006,2,17336945,14643840,14643840
0,"Inside Man",2006,2,57789817,102443127,213399577
0,"Jackass Number Two",2006,2,12713760,84117369,98564824
0,"Lady in the Water",2006,2,86684726,48873044,84124832
1,"Last Holiday",2006,2,52010836,44382535,50095967
0,"Letters from Iwo Jima",2006,2,15025353,15899229,79468028
1,"Little Children",2006,2,16181149,6314137,17063043
1,"Little Miss Sunshine",2006,2,9246371,69221912,116216452
0,"Lucky Number Slevin",2006,2,31206501,26000177,64141457
0,"Man of the Year",2006,2,23115927,43275535,47783141
1,"Marie Antoinette",2006,2,46231854,18449366,70344622
1,"Miss Potter",2006,2,34673890,3473867,41482984
1,"Monster House",2006,2,86684726,85137126,163276310
0,"Nacho Libre",2006,2,36985483,92692547,114766488
1,"Night at the Museum",2006,2,127137598,289946849,663982857
1,"Notes on a Scandal",2006,2,31784400,20238130,57503632
0,"Once",2006,2,173369,10917487,21956864
0,"Open Season",2006,2,98242689,98364347,219487695
0,"Paris je t&#39;aime",2006,2,15025353,5614135,5614135
1,"Perfume: The Story of a Murderer",2006,2,73624227,2569674,154418394
0,"Pirates of the Caribbean: Dead Man&#39;s Chest",2006,2,260054178,489266869,1225855881
0,"Poseidon",2006,2,184927415,70127732,209979090
1,"Quinceanera",2006,2,462319,1956408,2915828
1,"Rang De Basanti",2006,2,6125721,2540087,33746588
1,"Running with Scissors",2006,2,13869556,7928763,10063173
0,"She&#39;s the Man",2006,2,28894909,39168966,63891969
0,"Sherrybaby",2006,2,2311593,230207,719837
1,"Shortbus",2006,2,2311593,2294593,2294593
1,"Silent Hill",2006,2,57789817,54302354,115559561
1,"Slither",2006,2,17625894,9018043,14944843
0,"Smokin&#39; Aces",2006,2,19648538,41218854,64779219
1,"Snakes on a Plane",2006,2,38141279,39321133,71683430
1,"Southland Tales",2006,2,19648538,318283,421411
1,"Stick It",2006,2,23115927,31103330,35135878
1,"Stranger Than Fiction",2006,2,34673890,46734845,52282667
0,"Superman Returns",2006,2,268144752,231297965,451770741
1,"Take the Lead",2006,2,34673890,40154753,75578093
0,"The Ant Bully",2006,2,52010836,32527039,57340095
0,"The Break Up",2006,2,60101410,137316349,234562168
0,"The Da Vinci Code",2006,2,144474543,251427474,887444081
1,"The Dead Girl",2006,2,3814128,22971,22971
0,"The Departed",2006,2,104021671,154080367,335803963
1,"The Devil Wears Prada",2006,2,40452872,144174568,377426561
0,"The Fountain",2006,2,40452872,11724410,17870505
1,"The Grudge 2",2006,2,23115927,45242306,81765471
0,"The History Boys",2006,2,4276446,3155666,15517247
1,"The Holiday",2006,2,98242689,73138793,237158227
1,"The Host",2006,2,57789817,30771576,67253922
0,"The Illusionist",2006,2,19070640,46080031,96846559
0,"The Lake House",2006,2,46231854,60482951,132720223
0,"The Painted Veil",2006,2,22422449,9316281,17474248
0,"The Prestige",2006,2,46231854,61361102,124705810
0,"The Pursuit of Happyness",2006,2,63568799,187916346,355205844
0,"The Queen",2006,2,17336945,65235123,148965821
0,"The Wind That Shakes the Barley",2006,2,9593110,2114116,29669493
0,"Ultraviolet",2006,2,34673890,21407734,23950486
1,"Volver",2006,2,10864486,14909619,98936014
0,"We Are Marshall",2006,2,75126763,50329573,50329573
1,"When a Stranger Calls",2006,2,17336945,55316660,77374176
0,"Wristcutters: A Love Story",2006,2,1155796,515676,531824
1,"X-Men: The Last Stand",2006,2,242717233,270875277,530926095
0,"You, Me and Dupree",2006,2,62413003,87611686,150718167
1,"Zoom",2006,2,40452872,13857222,14454606
1,"Zwartboek",2006,2,25427520,5083807,31481990
1,"AEon Flux",2005,2,65616822,30849435,57209924
1,"Assault on Precinct 13",2005,2,35790994,23909452,42997982
0,"Batman Begins",2005,2,178954969,244981925,445357804
1,"Beauty Shop",2005,2,29825828,43368365,45754431
1,"Bewitched",2005,2,95442650,75534696,156477397
0,"BloodRayne",2005,2,29825828,2869746,4301386
0,"Boogeyman",2005,2,23860663,55777141,80163307
1,"Boynton Beach Club",2005,2,3459796,3731178,3731178
0,"Brick",2005,2,536865,2476430,4876515
0,"Brokeback Mountain",2005,2,16583160,99073958,207704444
0,"Capote",2005,2,8351232,34300335,59561080
1,"Charlie and the Chocolate Factory",2005,2,178954969,246312517,566045396
1,"Chinjeolhan geumjassi",2005,2,5368649,252526,28002720
0,"Cinderella Man",2005,2,104986915,73550386,129491710
1,"Coach Carter",2005,2,53686491,80249227,91469619
0,"Constantine",2005,2,89477485,90642097,275453129
0,"Conversations with Other Women",2005,2,536865,452658,1084540
0,"Corpse Bride",2005,2,35790994,63659187,136925192
1,"Cursed",2005,2,41756160,23019456,29962909
0,"Danny the dog",2005,2,51300425,29274195,58503506
1,"Dark Water",2005,2,71581988,30390244,59023039
0,"Dear Wendy",2005,2,9544265,27566,532615
1,"Domino",2005,2,59651656,12132195,27403019
0,"Doom",2005,2,83512319,33658253,65154327
0,"Fantastic Four",2005,2,104390399,184557548,394556433
1,"Flightplan",2005,2,65616822,107023409,269275914
1,"Fun with Dick and Jane",2005,2,167024638,131889812,240751838
0,"Good Night, and Good Luck.",2005,2,8351232,37581997,67510048
1,"Hard Candy",2005,2,1133381,1222429,9862884
0,"Harry Potter and the Goblet of Fire",2005,2,178954969,345995160,1070044630
1,"Herbie Fully Loaded",2005,2,59651656,78752930,171928818
1,"Hide and Seek",2005,2,29825828,60964573,146862958
0,"Hitch",2005,2,65616822,212102508,437585770
1,"Hoodwinked!",2005,2,20878080,61305929,131046803
0,"Hostel",2005,2,5726559,56462050,98116369
0,"Hustle &amp; Flow",2005,2,3340493,26488687,28112307
1,"Ice Princess",2005,2,29825828,29087739,30699527
0,"Jarhead",2005,2,85898385,74740591,115661627
1,"Junebug",2005,2,1193033,3194955,4244757
1,"Just Like Heaven",2005,2,69195921,57645130,120123026
0,"King Kong",2005,2,246957858,260176695,656785445
0,"Kingdom of Heaven",2005,2,131233644,56547877,261099301
0,"Kiss Kiss Bang Bang",2005,2,17895497,5053494,15635698
0,"Lord of War",2005,2,50107391,28811311,74138215
0,"Madagascar",2005,2,89477485,230965870,663994001
1,"Man of the House",2005,2,59651656,23502402,26365681
1,"Match Point",2005,2,17895497,27547047,104974897
1,"Me and You and Everyone We Know",2005,2,2386066,4635094,10051933
1,"Memoirs of a Geisha",2005,2,101407816,68015836,192687798
1,"MirrorMask",2005,2,4772133,1031925,1149158
1,"Miss Congeniality 2: Armed &amp; Fabulous",2005,2,71581988,57835867,120952557
0,"Mr. &amp; Mrs. Smith",2005,2,131233644,222305354,570671028
0,"Munich",2005,2,89477485,56524824,155427270
1,"North Country",2005,2,35790994,21861428,30093356
0,"Oliver Twist",2005,2,77547153,2470676,31819291
1,"Pride and Prejudice",2005,2,33404928,45779857,144259786
1,"Proof",2005,2,23860663,8989900,9883481
1,"Red Eye",2005,2,31018861,69066839,114001241
1,"Rent",2005,2,47721325,34690477,37784099
0,"Robots",2005,2,95442650,152946861,311023751
0,"Saw II",2005,2,5965166,103823819,182444702
1,"Serenity",2005,2,46528292,30439664,45949095
0,"Shopgirl",2005,2,8947748,12269777,14028182
1,"Sin City",2005,2,47721325,88408312,189398567
1,"Sisters in Law",2005,2,357910,39742,39742
1,"Sky High",2005,2,71581988,76281887,97384257
0,"Son of the Mask",2005,2,119303313,20303541,71484662
0,"Star Wars: Episode III - Revenge of the Sith",2005,2,137198810,453675396,1012883787
0,"Stealth",2005,2,164638572,38316342,91167710
1,"Strangers with Candy",2005,2,2386066,2472734,2478937
0,"Thank You for Smoking",2005,2,8947748,29579478,47741203
0,"The 40 Year Old Virgin",2005,2,31018861,130576566,211596412
0,"The Adventures of Sharkboy and Lavagirl 3-D",2005,2,59651656,46740275,82827477
1,"The Amityville Horror",2005,2,22071113,77825570,130250195
1,"The Ballad of Jack and Rose",2005,2,1789550,849790,1343663
1,"The Chronicles of Narnia: The Lion, the Witch and the Wardrobe",2005,2,214745963,348020836,893351507
1,"The Constant Gardener",2005,2,30422345,40061811,96730885
1,"The Descent",2005,2,8351232,31048038,68038213
1,"The Devil&#39;s Rejects",2005,2,8351232,20335227,24982624
1,"The Exorcism of Emily Rose",2005,2,21474596,89563925,172497916
1,"The Fog",2005,2,21474596,35207734,44200119
0,"The Hitchhiker&#39;s Guide to the Galaxy",2005,2,53686491,60867491,124098247
1,"The Island",2005,2,143163975,42733150,194486964
0,"The Jacket",2005,2,34001444,7517458,18435915
0,"The Legend of Zorro",2005,2,95442650,54372886,168784763
0,"The New World",2005,2,35790994,15165948,31238857
1,"The Ring Two",2005,2,59651656,90600996,193201845
1,"The Skeleton Key",2005,2,47721325,57155491,110065560
0,"The Squid and the Whale",2005,2,1789550,8795916,13351738
1,"The Wedding Date",2005,2,17895497,37851356,56281383
1,"Transamerica",2005,2,1193033,10755555,19748472
0,"Tristram Shandy: A Cock and Bull Story",2005,2,5666907,1495363,3652785
1,"V for Vendetta",2005,2,59651656,84122001,154177511
1,"Waiting...",2005,2,1342162,19237114,22277835
1,"Walk the Line",2005,2,34597961,142590606,223941260
0,"War of the Worlds",2005,2,157480373,279504224,723976090
1,"Water",2005,2,3579099,6596452,9686481
0,"White Noise",2005,2,11930331,66922430,109871622
1,"Yours, Mine and Ours",2005,2,53686491,63660149,86327778
0,"Zathura: A Space Adventure",2005,2,77547153,33459258,69846769
1,"13 Going on 30",2004,2,36995786,70464299,118928779
1,"2046",2004,2,14798315,1778681,23680825
0,"50 First Dates",2004,2,92489466,148941129,242105970
1,"A Cinderella Story",2004,2,23430665,63433191,86407246
0,"A Home at the End of The World",2004,2,8015754,1268976,1274887
1,"A Very Long Engagement",2004,2,67825608,7606108,73506419
0,"Anchorman: The Legend of Ron Burgundy",2004,2,30829822,103757037,110205951
0,"Around the World in 80 Days",2004,2,135651216,29601758,88795016
0,"AVP: Alien vs. Predator",2004,2,86323501,99002076,212779439
0,"Banlieue 13",2004,2,18497893,1480098,13821985
0,"Before Sunset",2004,2,2466386,7143667,13927421
1,"Bridget Jones: The Edge of Reason",2004,2,61659644,49578078,325432881
1,"Catwoman",2004,2,123319288,49577287,101301096
1,"Cellular",2004,2,55493679,39466636,75811746
1,"Closer",2004,2,43161751,41913460,142404808
0,"Collateral",2004,2,73991573,123529118,268429281
1,"Connie and Carla",2004,2,24663858,9924151,9924151
1,"Crash",2004,2,9006109,68238010,124765870
1,"D.E.B.S.",2004,2,4316175,119364,119364
1,"Dawn of the Dead",2004,2,34529401,72746991,127577349
1,"Dodgeball: A True Underdog Story",2004,2,36995786,140986916,206919534
1,"Ella Enchanted",2004,2,43161751,28256983,28256983
0,"Eternal Sunshine of the Spotless Mind",2004,2,24663858,42380545,90014995
1,"Eulogy",2004,2,12331929,86973,86973
1,"Finding Neverland",2004,2,30829822,63727222,141861709
0,"Flight of the Phoenix",2004,2,92489466,25908371,41939879
1,"Garden State",2004,2,3082982,33027761,44430462
1,"Harold and Kumar Go to White Castle",2004,2,11098736,22475144,22475144
1,"Harry Potter and the Prisoner of  Azkaban",2004,2,160315074,307729658,982470644
0,"Hellboy",2004,2,73991573,73527840,123102194
1,"Home on the Range",2004,2,135651216,61692142,94317626
1,"I Heart Huckabees",2004,2,27130243,15766017,24706665
0,"I, Robot",2004,2,129485252,178567590,429892298
0,"In Good Company",2004,2,32063015,56097638,78295110
1,"Kinsey",2004,2,13565122,12596630,16032690
0,"Kung Fu Hustle",2004,2,24663858,21093356,124558238
0,"Layer Cake",2004,2,8015754,2885618,14613600
1,"Lemony Snicket&#39;s A Series of Unfortunate Events",2004,2,123319288,146290116,248645124
1,"Maria Full of Grace",2004,2,3946217,8052286,17808733
1,"Mean Girls",2004,2,22197472,106112827,161490339
1,"Million Dollar Baby",2004,2,36995786,123926269,286120974
0,"Miracle",2004,2,34529401,79390606,79509747
1,"My Summer of Love",2004,2,2096428,1234321,6106125
0,"Napoleon Dynamite",2004,2,493277,54927590,56878201
0,"New York Minute",2004,2,49327715,17287347,26163275
0,"Primer",2004,2,8632,523811,697797
1,"Raising Helen",2004,2,61659644,46226886,53446952
0,"Ray",2004,2,49327715,92866817,153930950
1,"Resident Evil: Apocalypse",2004,2,61659644,62572303,159007986
1,"Saved!",2004,2,6165964,10958349,12613378
0,"Saw",2004,2,1479831,68053804,127137678
0,"Secret Window",2004,2,49327715,59141502,113591309
0,"Shark Tale",2004,2,92489466,199052129,453599307
1,"Shaun of the Dead",2004,2,6165964,16700976,37405681
1,"Shrek 2",2004,2,86323501,544117065,1155511754
1,"Sideways",2004,2,20964279,88176131,135496025
1,"Sky Captain and the World of Tomorrow",2004,2,86323501,46565462,61327735
1,"Spanglish",2004,2,92489466,51848757,67017030
0,"Spider-Man 2",2004,2,246638575,460627734,966459425
0,"Team America: World Police",2004,2,24663858,40417692,61998567
0,"The Aviator",2004,2,135651216,126536475,264654077
0,"The Bourne Supremacy",2004,2,104821395,217149789,355883988
0,"The Butterfly Effect",2004,2,16031507,71432302,118444284
0,"The Chronicles of Riddick",2004,2,147983145,71170953,132214001
1,"The Day After Tomorrow",2004,2,154149110,230287423,686049183
1,"The Grudge",2004,2,12331929,136094379,230953737
1,"The Incredibles",2004,2,113453745,322407292,779510522
0,"The Life Aquatic with Steve Zissou",2004,2,61659644,29604924,42923407
0,"The Notebook",2004,2,36995786,99890827,126127005
0,"The Phantom of the Opera",2004,2,67825608,63171287,195122925
0,"The Polar Express",2004,2,209642789,240410531,393449767
1,"The Princess Diaries 2: Royal Engagement",2004,2,55493679,117337605,150537624
1,"The Stepford Wives",2004,2,123319288,73344915,118660249
0,"The Terminal",2004,2,92489466,95047057,269667169
1,"The Village",2004,2,88398934,140827568,317721828
0,"The Whole Ten Yards",2004,2,36995786,20130602,32462531
0,"Troy",2004,2,184978932,164382856,597064223
1,"Van Helsing",2004,2,209642789,148168797,370143515
1,"Vera Drake",2004,2,13565122,4629167,16467879
1,"White Chicks",2004,2,24663858,85274051,137438109
1,"Wimbledon",2004,2,43161751,20794820,51382801
0,"2 Fast 2 Furious",2003,2,96222609,160945047,299075134
0,"21 grams",2003,2,25321739,20572268,75544402
0,"Big Fish",2003,2,88626087,84109786,156276743
1,"Bon voyage",2003,2,25321739,2980024,10586685
1,"Bruce Almighty",2003,2,102553043,307285628,612120077
1,"Charlie&#39;s Angels: Full Throttle",2003,2,151930435,127639706,287654957
1,"Cold Mountain",2003,2,101286957,121079205,204640944
0,"Cradle 2 the Grave",2003,2,31652174,43879701,71451544
1,"Daddy Day Care",2003,2,75965217,131861413,207999839
0,"Daredevil",2003,2,101286957,129829011,231418562
0,"Darkness Falls",2003,2,8862609,41198066,41198066
0,"Dreamcatcher",2003,2,86093913,42648478,95824131
1,"Final Destination 2",2003,2,32918261,59375255,114450037
0,"Finding Nemo",2003,2,119012174,481783272,1147664217
1,"Freaky Friday",2003,2,32918261,139551191,203615191
1,"Girl with a Pearl Earring",2003,2,15193043,14730114,54798208
1,"Goodbye Lenin!",2003,2,8102957,5145199,100507729
0,"Holes",2003,2,25321739,85313907,91644342
0,"Hollywood Homicide",2003,2,94956522,38245683,64706900
1,"House of Sand and Fog",2003,2,20890435,16466075,20457336
0,"How to Lose a Guy in 10 Days",2003,2,63304348,133961521,224198644
0,"Hulk",2003,2,173453913,167347872,310481535
0,"Identity",2003,2,35450435,66002713,104051689
1,"In the Cut",2003,2,15193043,5972708,29998216
1,"Jeepers Creepers II",2003,2,31652174,45102830,45102830
1,"Kill Bill: Vol. 1",2003,2,69634783,88750338,228019903
0,"Lara Croft Tomb Raider: The Cradle of Life",2003,2,113947826,83123367,198084062
1,"Legally Blonde 2: Red, White &amp; Blonde",2003,2,31652174,114756967,158690184
1,"Les triplettes de Belleville",2003,2,2532174,9244066,18282439
0,"Lost In Translation",2003,2,5064348,56449060,142498954
1,"Love Actually",2003,2,56973913,75297075,313948928
0,"Master and Commander: The Far Side of the World",2003,2,170921739,118918972,269565280
1,"Mona Lisa Smile",2003,2,82295652,80780273,178778023
1,"Monster",2003,2,6330435,43641017,73437720
1,"Mystic River",2003,2,37982609,114118990,198566990
1,"Peter Pan",2003,2,126608696,61301208,120601727
0,"Pirates of the Caribbean: The Curse of the Black Pearl",2003,2,158260870,386677167,803907108
1,"Pride and Prejudice",2003,2,35450435,48583127,153093346
1,"S.W.A.T.",2003,2,88626087,147977201,262275924
1,"Scary Movie 3",2003,2,56973913,139269669,196496696
0,"Secondhand Lions",2003,2,37982609,53265467,60648814
0,"Shanghai Knights",2003,2,63304348,76560557,111816793
0,"Shattered Glass",2003,2,7596522,2795488,3713077
0,"Sinbad: Legend of the Seven Seas",2003,2,75965217,33530353,102259164
0,"Something&#39;s Gotta Give",2003,2,101286957,157862359,337646706
1,"Spy Kids 3-D: Game Over",2003,2,50643478,141498677,212515222
1,"Swimming Pool",2003,2,9875478,12825598,28412666
1,"Terminator 3: Rise of the Machines",2003,2,215234783,190366677,548289460
1,"The Core",2003,2,107617391,39389560,93858357
0,"The Italian Job",2003,2,75965217,134364760,223164081
0,"The Jungle Book 2",2003,2,25321739,60647568,171812557
0,"The Last Samurai",2003,2,177252174,140675650,578361911
0,"The League of Extraordinary Gentlemen",2003,2,98754783,84150728,226965337
0,"The Lord of the Rings: The Return of the King",2003,2,119012174,478385772,1445122625
1,"The Matrix Reloaded",2003,2,160793043,356471453,935102616
1,"The Matrix Revolutions",2003,2,139269565,176314964,537149747
1,"The Missing",2003,2,82295652,34058165,48432173
0,"The School of Rock",2003,2,25321739,102883716,166061455
1,"Thirteen",2003,2,2532174,5825321,12035418
0,"Timeline",2003,2,101286957,24664310,33808553
1,"Undead",2003,2,949565,52158,290250
0,"Underworld",2003,2,27853913,65799413,121175229
1,"Wrong Turn",2003,2,12660870,19520239,36272829
1,"X2 (X-Men 2)",2003,2,158260870,272145004,516198274
0,"25th Hour",2002,2,5828306,16946895,32825657
1,"28 Days Later...",2002,2,10361434,58367141,107442412
1,"8 femmes",2002,2,10361434,3984522,54885065
0,"8 Mile",2002,2,53102348,151178596,314630213
0,"About Schmidt",2002,2,38855376,84193406,137060380
0,"Adaptation",2002,2,23960815,29139615,29139615
1,"All or Nothing",2002,2,11656613,238643,238643
0,"Antwone Fisher",2002,2,16189740,27299975,30265212
0,"Austin Powers in Goldmember",2002,2,81596291,276025731,379148984
1,"Bend It Like Beckham",2002,2,7253004,42149599,99379590
0,"Blade II",2002,2,69939678,105786208,199896148
1,"Blue Crush",2002,2,38855376,51960544,66855105
1,"Cabin Fever",2002,2,1942769,27403645,39310844
1,"Carrie",2002,2,38855376,45676592,110092382
0,"Catch Me If You Can",2002,2,67349319,213195306,454746230
1,"Chicago",2002,2,38855376,221070926,398510478
1,"Crossroads",2002,2,15542151,48165989,73825215
0,"Death to Smoochy",2002,2,64758961,10822278,10845911
0,"Die Another Day",2002,2,183915449,208448913,559442481
0,"Drumline",2002,2,25903584,73045727,73045727
0,"Equilibrium",2002,2,25903584,1541287,6923858
1,"Far from Heaven",2002,2,17484919,20595744,37596351
0,"Frida",2002,2,15542151,33525714,72155308
1,"Funny Ha Ha",2002,2,38855,99819,99819
0,"Gangs of New York",2002,2,125632384,100674928,246602123
0,"Gerry",2002,2,9066255,329860,329860
1,"Harry Potter and the Chamber of Secrets",2002,2,129517922,339321257,1138436153
1,"High Crimes",2002,2,54397527,53805898,82607955
0,"I Spy",2002,2,90662545,43467687,78073173
0,"Ice Age",2002,2,84186649,228453301,500089862
0,"Igby Goes Down",2002,2,11656613,6187673,6187673
0,"Insomnia",2002,2,59578244,87117875,147161499
1,"Lilo and Stitch",2002,2,103614337,188800252,318355051
1,"Maid in Manhattan",2002,2,71234857,121659935,212199853
1,"May",2002,2,2266564,188500,644143
0,"Men in Black II",2002,2,181325090,246626476,572168477
0,"Minority Report",2002,2,132108280,170995666,464742312
0,"Mr Deeds",2002,2,64758961,163572654,221824742
1,"My Big Fat Greek Wedding",2002,2,6475896,312705749,456217193
1,"Panic Room",2002,2,62168602,123441416,254254517
0,"Phone Booth",2002,2,14246971,60311590,126716628
1,"Queen of the Damned",2002,2,45331273,39254038,39254038
1,"Rabbit-Proof Fence",2002,2,9066255,8029593,21845695
1,"Real Women Have Curves",2002,2,3885538,7580935,7580935
0,"Red Dragon",2002,2,101023979,120393928,267396769
0,"Reign of Fire",2002,2,77710753,55772984,106399210
1,"Resident Evil",2002,2,45331273,51962213,134423285
1,"Scooby-Doo",2002,2,108795054,198543415,357850459
0,"Signs",2002,2,91572563,295256424,528777236
0,"Snow Dogs",2002,2,41445735,105104690,151403896
0,"Solaris",2002,2,60873423,19388882,19388882
0,"Spider-Man",2002,2,180029911,522872106,1064074398
0,"Spirit: Stallion of the Cimarron",2002,2,103614337,94826948,137956416
1,"Spun",2002,2,5828306,531336,1324514
1,"Spy Kids 2: Island of Lost Dreams",2002,2,49216810,111186338,155060534
0,"Star Trek: Nemesis",2002,2,77710753,56022212,87182173
0,"Star Wars: Episode II - Attack of the Clones",2002,2,148945610,402382056,850538512
0,"The Adventures of Pluto Nash",2002,2,129517922,5713168,9189290
1,"The Banger Sisters",2002,2,12951792,39252065,49303870
0,"The Bourne Identity",2002,2,77710753,157324072,276261727
0,"The Dangerous Lives of Altar Boys",2002,2,15542151,2304492,2304492
1,"The Good Girl",2002,2,10361434,18156206,21831701
1,"The Hours",2002,2,32379480,53977881,125671845
1,"The Importance of Being Earnest",2002,2,19427688,10851194,10851194
0,"The Lord of the Rings: The Two Towers",2002,2,121746846,443662324,1200694576
1,"The Powerpuff Girls",2002,2,32379480,14780124,21274227
0,"The Quiet American",2002,2,25903584,16821330,34125645
1,"The Ring",2002,2,62168602,167199897,321487424
0,"The Rules of Attraction",2002,2,5180717,8452031,15281897
0,"The Santa Clause 2",2002,2,84186649,180322432,223840454
1,"The Sweetest Thing",2002,2,55692706,31641581,57808305
0,"The Transporter",2002,2,27198764,32763432,56895840
0,"The Tuxedo",2002,2,77710753,65517936,135255080
0,"Treasure Planet",2002,2,129517922,49372949,118897452
1,"Tuck Everlasting",2002,2,19427688,24818223,25054743
1,"Two Weeks Notice",2002,2,77710753,120911349,257796757
1,"We Were Soldiers",2002,2,90662545,101179654,148502998
1,"Whale Rider",2002,2,5569271,26913392,51667906
1,"White Oleander",2002,2,20722867,21186244,28050694
0,"xXx",2002,2,90662545,183824786,346071886
0,"A Beautiful Mind",2001,2,102635985,224626742,418002230
0,"A Knight&#39;s Tale",2001,2,53949684,73797860,132403823
1,"Along Came A Spider",2001,2,36843687,97449838,138373157
0,"American Outlaws",2001,2,46054609,17454678,17454678
0,"Antitrust",2001,2,39475379,14428526,23507863
0,"Artificial Intelligence: AI",2001,2,118426136,103447452,310408061
0,"Atlantis: The Lost Empire",2001,2,118426136,110600487,244811851
0,"Black Hawk Down",2001,2,125005366,142951853,210128869
0,"Blow",2001,2,39475379,69727697,109586673
1,"Bridget Jones&#39;s Diary",2001,2,32896149,94083718,370446373
1,"Don&#39;t Say A Word",2001,2,65792298,72368206,137490616
0,"Donnie Darko",2001,2,5921307,1671811,10127447
1,"Dr. Dolittle 2",2001,2,94740909,148625750,231722738
1,"Evolution",2001,2,105267677,50411551,129402834
0,"From Hell",2001,2,46054609,41578506,90414888
1,"Ghost World",2001,2,7237153,8181731,11528926
1,"Gosford Park",2001,2,23685227,54344576,54344576
1,"Hannibal",2001,2,114478598,217235991,460678038
1,"Harry Potter and the Sorcerer&#39;s Stone",2001,2,164480745,417880504,1282627914
1,"Hedwig and the Angry Inch",2001,2,7895076,4036110,4794811
1,"High Heels and Low Lifes",2001,2,13158460,298423,298423
0,"Impostor",2001,2,52633838,8045394,8045394
1,"Jason X",2001,2,18421843,17265945,22305955
1,"Jay and Silent Bob Strike Back",2001,2,28948611,39553522,44426118
1,"Jeepers Creepers",2001,2,13158460,49876055,77554691
1,"Josie and the Pussycats",2001,2,28948611,18754529,18754529
0,"Kate &amp; Leopold",2001,2,63160606,61970361,93343188
0,"Kiss of the Dragon",2001,2,32896149,48467177,48467177
1,"Kissing Jessica Stein",2001,2,1973769,9244768,11621399
0,"L.I.E.",2001,2,921092,1501334,1501334
0,"Lara Croft: Tomb Raider",2001,2,123689520,172565543,361389438
1,"Legally Blonde",2001,2,23685227,126970485,186599109
1,"Lovely and Amazing",2001,2,328961,5540210,6178924
0,"Monkeybone",2001,2,98688447,7118091,7118091
1,"Monsoon Wedding",2001,2,1579015,18259960,35561527
0,"Monsters, Inc.",2001,2,151322285,380836644,736554932
1,"Moulin Rouge!",2001,2,69739836,75511622,235816959
1,"Mulholland Dr.",2001,2,19737689,9499853,15684329
1,"Nowhere in Africa",2001,2,8552999,8123355,8123355
0,"Ocean&#39;s Eleven",2001,2,111846906,241348715,593089313
0,"Osmosis Jones",2001,2,92109217,17891440,17891440
0,"Pearl Harbor",2001,2,199350663,261247866,591130447
1,"Save the Last Dance",2001,2,17105997,119792347,173215693
1,"Shallow Hal",2001,2,52633838,93209654,93209654
0,"Shaolin Soccer",2001,2,13158460,643280,56286669
0,"Shrek",2001,2,65792298,352192764,647149877
1,"Someone Like You...",2001,2,30264457,35972640,50903377
1,"Spy Kids",2001,2,46054609,148285394,260132301
0,"Super Troopers",2001,2,3947538,24333100,30325173
0,"The Fast and the Furious",2001,2,50002146,190155939,271738388
1,"The Glass House",2001,2,28948611,23621318,30082587
1,"The Legend of Suriyothai",2001,2,11842614,597730,597730
0,"The Lord of the Rings: The Fellowship of the Ring",2001,2,143427209,415208284,1167441808
0,"The Majestic",2001,2,94740909,36575310,49089389
0,"The One",2001,2,64476452,57773198,57773198
1,"The Others",2001,2,22369381,127008987,276257960
1,"The Princess Diaries",2001,2,39475379,142433448,217555094
1,"The Royal Tenenbaums",2001,2,36843687,68889320,93992029
1,"The Wedding Planner",2001,2,36843687,79478222,124648152
0,"Thir13en Ghosts",2001,2,25001073,55091786,90093288
0,"Training Day",2001,2,59213068,100347776,137512958
0,"Valentine",2001,2,13158460,26822383,26822383
0,"Vanilla Sky",2001,2,92109217,132393654,266756984
1,"Zoolander",2001,2,36843687,59439723,79978408
1,"28 Days",2000,2,58175060,50105659,83966868
1,"Almost Famous",2000,2,81174503,43999763,64088881
0,"American Psycho",2000,2,10823267,20388715,38793859
1,"Beautiful Creatures",2000,2,67645419,26316961,75682603
1,"Best in Show",2000,2,8117450,25192844,27998998
1,"Billy Elliot",2000,2,6764542,29757576,147846184
0,"Boiler Room",2000,2,12176175,22950688,38928095
1,"Bring It On",2000,2,13529084,92476091,122375366
0,"Cast Away",2000,2,114997212,316082883,578003746
1,"Cecil B. Demented",2000,2,13529084,1727642,2643423
1,"Center Stage",2000,2,24352351,23271276,23271276
1,"Charlie&#39;s Angels",2000,2,121761754,169526922,351399133
1,"Chicken Run",2000,2,56822152,144482383,308184297
1,"Chocolat",2000,2,33822710,96475572,206318992
0,"Coyote Ugly",2000,2,60880877,82238253,156648214
1,"Dancer in the Dark",2000,2,16911355,5624704,61635111
0,"Dude, Where&#39;s My Car",2000,2,18940717,63220562,99006237
1,"Dune",2000,2,60880877,37133914,37133914
1,"Erin Brockovich",2000,2,67645419,169855868,348786874
0,"Final Destination",2000,2,31116893,72113147,151575620
0,"Gladiator",2000,2,139349563,253918993,619204256
0,"Gone in Sixty Seconds",2000,2,139755436,137513677,314744675
0,"High Fidelity",2000,2,27058168,36903356,64779503
1,"Hollow Man",2000,2,121761754,99045530,258676083
0,"Little Nicky",2000,2,108232671,53362591,78834500
1,"Love &amp; Basketball",2000,2,20293626,37125324,37488584
0,"Meet the Parents",2000,2,74409961,224887250,412095756
0,"Memento",2000,2,6764542,34559865,53741710
1,"Miss Congeniality",2000,2,60880877,144500988,288738993
0,"Mission to Mars",2000,2,121761754,82357777,143408288
0,"O Brother, Where Art Thou?",2000,2,35175618,61566286,102501499
1,"Pitch Black",2000,2,31116893,53081479,71950493
0,"Pokemon: The Movie 2000",2000,2,40587251,59185579,181217915
0,"Red Planet",2000,2,108232671,23650043,45273684
0,"Remember the Titans",2000,2,40587251,156470282,184951617
1,"Requiem for a Dream",2000,2,6088088,4918474,9998139
0,"Return to Me",2000,2,32469801,44189098,44189098
0,"Romeo Must Die",2000,2,33822710,75726795,123164396
1,"Rugrats in Paris:",2000,2,40587251,103499437,139734889
1,"Saving Grace",2000,2,5411634,16476533,37593061
1,"Scream 3",2000,2,54116335,120595650,218952089
0,"Sexy Beast",2000,2,5817506,9397377,13738212
0,"Shanghai Noon",2000,2,74409961,77024193,96313324
0,"Snatch.",2000,2,13529084,40713217,113093815
1,"Songcatcher",2000,2,2435235,4127634,4127634
0,"The Beach",2000,2,67645419,53816800,53816800
0,"The Cell",2000,2,47351793,82907528,116230018
1,"The Emperor&#39;s New Groove",2000,2,135290838,120810082,229042753
0,"The Gift",2000,2,13529084,16246592,60295888
0,"The Patriot",2000,2,148819922,153325570,291281175
0,"The Road to El Dorado",2000,2,128526296,68731346,88886081
0,"The Way of the Gun",2000,2,12176175,8182195,17671601
1,"The Whole Nine Yards",2000,2,32469801,77470905,115711368
0,"Thirteen days",2000,2,108232671,46765640,90042204
1,"Titan A.E.",2000,2,101468129,30781343,49722060
0,"Unbreakable",2000,2,99091212,128525137,335655410
0,"Urbania",2000,2,304404,1396303,1396303
0,"Vertical Limit",2000,2,101468129,92638183,288845939
1,"What Lies Beneath",2000,2,121761754,210329023,390576517
0,"What Women Want",2000,2,87939045,247318583,503417209
1,"Where the Heart Is",2000,2,20293626,45689304,55282615
1,"Wo hu cang long (Crouching Tiger, Hidden Dragon)",2000,2,20293626,173264011,288440067
0,"X-Men",2000,2,101468129,212812106,400920487
1,"10 Things I Hate About You",1999,3,18180006,53390436,84486720
0,"8MM",1999,3,55938481,50964770,134810098
1,"American Beauty",1999,3,20976930,181881240,498213351
0,"American Pie",1999,3,16781544,142364760,328251410
0,"Analyze This",1999,3,41953861,149475534,247367876
0,"Anna and the King",1999,3,104884652,54891212,54891212
0,"Anywhere But Here",1999,3,32164627,26086372,26086372
0,"Austin Powers: The Spy Who Shagged Me",1999,3,48946171,288139235,433988407
1,"Being John Malkovich",1999,3,18180006,31967340,45285530
1,"Black and White",1999,3,13984620,7329780,7329780
0,"Blue Streak",1999,3,50344633,95386564,164246788
1,"Boys Don&#39;t Cry",1999,3,2796924,16139101,29005501
1,"But I&#39;m a Cheerleader",1999,3,1678154,3084486,3676824
1,"Carrie 2: The Rage",1999,3,29367703,24837027,24837027
1,"Cruel Intentions",1999,3,15383082,53463308,106008618
1,"Dick",1999,3,18180006,8777963,8777963
0,"Dogma",1999,3,13984620,42864850,61460819
1,"Drop Dead Gorgeous",1999,3,13984620,14783713,14783713
1,"Election",1999,3,11886927,20898032,24057538
1,"Eyes Wide Shut",1999,3,90900032,77882040,120627912
0,"Fight Club",1999,3,90900032,51785192,141040144
0,"Flawless",1999,3,37758475,6272780,6272780
0,"For Love of the Game",1999,3,69923101,49209977,64486776
0,"Galaxy Quest",1999,3,62930791,99883369,126593993
1,"Girl, Interrupted",1999,3,33563089,40375263,40375263
1,"Go!",1999,3,9090003,23599429,39693164
1,"Jawbreaker",1999,3,4195386,4302816,4302816
0,"Magnolia",1999,3,51743095,31396836,67751013
1,"Muppets From Space",1999,3,33563089,22801624,22801624
0,"Mystery Men",1999,3,95095418,41621042,46795352
1,"Notting Hill",1999,3,58735405,162347007,508660113
0,"Office Space",1999,3,13984620,15142285,17939209
0,"Payback",1999,3,69923101,114011185,226027993
0,"Pocket Monsters: Mewtwo Strikes Back!",1999,3,41953861,119910654,228850846
0,"Ravenous",1999,3,16781544,2884196,2884196
1,"Sleepy Hollow",1999,3,97892342,141340236,289577211
0,"South Park: Bigger Longer &amp; Uncut",1999,3,29367703,72772612,72772612
1,"Star Wars: Episode I - The Phantom Menace",1999,3,160823133,663632711,1408313741
0,"Stuart Little",1999,3,146838513,195805974,417860454
0,"Tarzan",1999,3,202776994,239265412,626779240
0,"The 13th Warrior",1999,3,174807753,45728169,86283567
1,"The Blair Witch Project",1999,3,839077,196538593,347238122
0,"The Boondock Saints",1999,3,9789234,42613,575990
0,"The Green Mile",1999,3,83907722,191311527,406534833
1,"The Haunting",1999,3,111876962,127524221,251987342
0,"The Iron Giant",1999,3,69923101,32387409,43819293
1,"The Matrix",1999,3,90900032,239808171,643684004
0,"The Mummy",1999,3,111876962,217300705,582299294
0,"The Sixth Sense",1999,3,55938481,410457404,940894052
0,"The Talented Mr. Ripley",1999,3,55938481,113683964,180110910
0,"Three to Tango",1999,3,27969241,14782268,14782268
1,"Topsy-Turvy",1999,3,27969241,8672922,8672922
0,"Toy Story 2",1999,3,125861583,343814937,715115132
0,"Virus",1999,3,104884652,19593418,42830263
0,"Wild Wild West",1999,3,244730855,159152923,309380824
0,"Wing Commander",1999,3,41953861,16191424,16191424
0,"54",1998,3,18578720,23948203,23948203
1,"A Bug&#39;s Life",1998,3,64310954,232660690,518911253
0,"American History X",1998,3,14291323,9603575,9603575
0,"Armageddon",1998,3,200078524,288081893,792596781
1,"Beloved",1998,3,75744013,32659228,32659228
0,"Blade",1998,3,64310954,100242021,187556021
0,"Bride of Chucky",1998,3,35728308,46309872,72445844
0,"Buffalo &#39;66",1998,3,2143698,3402201,3402201
0,"Dark City",1998,3,38586572,20629634,38953947
1,"Deep Impact",1998,3,114330585,200742590,499431243
0,"Disturbing Behavior",1998,3,21436985,25020345,25020345
1,"Elizabeth",1998,3,35728308,42992157,117404137
0,"Enemy of the State",1998,3,121476247,159419475,358211780
1,"Ever After",1998,3,37157440,93902242,93902242
0,"Fear and Loathing in Las Vegas",1998,3,26438948,15263526,19596124
0,"Festen (The Celebration)",1998,3,1857872,2354896,2354896
0,"Get Real",1998,3,2858265,1646948,1646948
0,"Godzilla",1998,3,178641539,194811162,537353750
1,"Halloween H20: 20 Years Later",1998,3,24295249,78661926,78661926
1,"Happiness",1998,3,4287397,3925045,8212442
1,"Hope Floats",1998,3,42873969,85905591,116515728
1,"Little Voice",1998,3,8574794,6566863,31136839
0,"Lock, Stock and Two Smoking Barrels",1998,3,1929329,5570142,40524745
1,"Lost in Space",1998,3,114330585,98778237,194429617
0,"Mercury Rising",1998,3,85747939,47137546,47137546
0,"Mulan",1998,3,128621908,172382303,433741657
0,"Out of Sight",1998,3,68598351,53681880,110847172
0,"Pi",1998,3,97181,4603452,6686214
1,"Practical Magic",1998,3,85747939,66955646,97662611
1,"Primary Colors",1998,3,92893600,55761862,55761862
1,"Quest for Camelot",1998,3,57165293,32544916,54553553
0,"Rounders",1998,3,17149588,32758425,32758425
0,"Run Lola Run",1998,3,2500982,10385968,20769827
1,"Rush Hour",1998,3,50019631,201774709,350566156
0,"Rushmore",1998,3,14291323,24445621,27268466
0,"Safe Men",1998,3,1429132,30312,30312
0,"Saving Private Ryan",1998,3,92893600,309171460,693179313
1,"Shakespeare in Love",1998,3,37157440,143367401,399442481
0,"Six Days Seven Nights",1998,3,114330585,106240687,235521005
1,"Sliding Doors",1998,3,8574794,17022681,84046055
1,"Slums of Beverly Hills",1998,3,7145662,7864191,7864191
0,"Small Soldiers",1998,3,57165293,78807819,102531416
1,"Smoke Signals",1998,3,2858265,9602769,11085232
0,"Sphere",1998,3,104326659,52975497,71697130
1,"Star Trek: Insurrection",1998,3,100039262,100307450,168351786
1,"Stepmom",1998,3,71456616,130247778,228297140
1,"The Avengers",1998,3,85747939,33420854,69434988
0,"The Big Lebowski",1998,3,21436985,25008106,66011004
0,"The Faculty",1998,3,21436985,57570196,57570196
0,"The Man in the Iron Mask",1998,3,50019631,81415051,81415051
0,"The Mask of Zorro",1998,3,92893600,134093691,333988221
0,"The Negotiator",1998,3,71456616,63890455,70178637
0,"The Prince of Egypt",1998,3,85747939,144932864,312408324
0,"The Proposition",1998,3,28582646,2720259,7593849
0,"The Thin Red Line",1998,3,74314880,52021118,52021118
0,"The Truman Show",1998,3,85747939,179525030,354996466
1,"There&#39;s Something About Mary",1998,3,31440911,252219917,514630544
1,"Urban Legend",1998,3,20007852,54473818,103714796
0,"Vampires (John Carpenter&#39;s)",1998,3,28582646,28966833,28966833
0,"Velvet Goldmine",1998,3,12862191,1506002,6948401
0,"Wild Things",1998,3,28582646,42581425,79426456
1,"You&#39;ve Got Mail",1998,3,92893600,165524241,358426384
1,"A Simple Wish",1997,3,40634668,11849668,11849668
0,"Air Bud",1997,3,4353714,35768573,40327947
0,"Air Force One",1997,3,123355241,251000935,457529453
1,"Alien: Resurrection",1997,3,87074287,69361952,233213967
1,"Anastasia",1997,3,76915621,84757254,202885136
1,"As Good as It Gets",1997,3,72561906,215476950,455851198
0,"Austin Powers: International Man of Mystery",1997,3,26122286,78198499,98225585
0,"Batman &amp; Robin",1997,3,181404766,155754415,345855898
0,"Boogie Nights",1997,3,21768572,38328318,62565379
1,"Cats Don&#39;t Dance",1997,3,46439620,5207916,5207916
1,"Chasing Amy",1997,3,362810,17424311,21993652
1,"Cinderella",1997,3,4208591,123355241,123355241
1,"Clockwatchers",1997,3,2902476,780691,783612
0,"Con Air",1997,3,116099050,146745677,325247966
0,"Conspiracy Theory",1997,3,116099050,110466780,207213175
1,"Contact",1997,3,130611431,146459429,240760405
1,"Eve&#39;s Bayou",1997,3,7256191,21541344,21541344
1,"Event Horizon",1997,3,87074287,38709226,38709226
1,"Fever Pitch",1997,3,58049525,61055139,72665044
0,"Flubber",1997,3,116099050,134956149,258311390
1,"G.I. Jane",1997,3,72561906,69904916,69904916
0,"Gattaca",1997,3,52244573,18188044,18188044
1,"George of the Jungle",1997,3,79818097,152762052,253187730
0,"Good Will Hunting",1997,3,14512381,200899879,327883215
1,"Grosse Pointe Blank",1997,3,21768572,40757090,45090566
1,"Hercules",1997,3,101586669,143835260,363825398
1,"I Know What You Did Last Summer",1997,3,24671048,104852087,181767707
0,"In the Company of Men",1997,3,36281,4184879,4184879
1,"Jackie Brown",1997,3,17414858,57575205,108447385
0,"Kiss the Girls",1997,3,39183429,87840357,87840357
0,"L.A. Confidential",1997,3,50793334,93757206,160514159
0,"Liar Liar",1997,3,65305716,263270001,439305185
0,"Men in Black",1997,3,130611431,363811668,853024040
1,"Mononoke-hime",1997,3,29024763,3445395,218193652
1,"Mortal Kombat: Annihilation",1997,3,43537144,52139221,74488288
0,"Must love Dogs",1997,3,50793334,63701899,85470471
0,"My Best Friend&#39;s Wedding",1997,3,66756954,184036082,433809062
0,"Orgazmo",1997,3,1451238,844655,910343
1,"Scream 2",1997,3,34829715,147102287,147102287
1,"Selena",1997,3,29024763,51446556,51446556
1,"Smilla&#39;s Sense of Snow",1997,3,50793334,3224642,3224642
1,"Spawn",1997,3,58049525,79789061,127636188
1,"Starship Troopers",1997,3,145123812,79482791,175744937
1,"The Devil&#39;s Advocate",1997,3,82720573,88536300,222050207
0,"The Fifth Element",1997,3,137867622,92256459,382981741
0,"The Game",1997,3,72561906,70044851,70044851
0,"The Lost World: Jurassic Park",1997,3,108842859,332459322,1141669701
0,"The Peacemaker",1997,3,72561906,59882642,91380645
0,"The Postman",1997,3,116099050,25615375,25615375
1,"Titanic",1997,3,290247625,955890356,3171930973
1,"Volcano",1997,3,130611431,69001723,174293699
0,"August",1996,3,5049561,18767,18767
1,"Bound",1996,3,6683242,5646983,10412962
0,"Broken Arrow",1996,3,96535720,104920957,220318272
0,"Chain Reaction",1996,3,81684071,31524414,89420791
0,"DragonHeart",1996,3,84654401,76285021,154998762
1,"Emma",1996,3,8762473,33017679,56186252
0,"Escape from L.A.",1996,3,74258246,37763082,37763082
1,"Eye for an Eye",1996,3,29703299,39791578,39791578
1,"Fargo",1996,3,10396154,36487162,76047227
1,"Freeway",1996,3,4455495,438856,438856
0,"From Dusk Till Dawn",1996,3,29703299,38211750,38211750
0,"Hamlet",1996,3,2970330,2342531,3593608
1,"Harriet the Spy",1996,3,19307144,39460903,39460903
1,"Independence Day",1996,3,111387369,454711839,1213975115
0,"Jingle All the Way",1996,3,89109896,89989691,192822510
0,"Kingpin",1996,3,37129123,37163912,47857099
1,"Love and Other Catastrophes",1996,3,371291,315278,1103798
1,"Mars Attacks!",1996,3,118813194,56096190,150552679
0,"Mission: Impossible",1996,3,118813194,268787949,679757008
0,"Romeo + Juliet",1996,3,21534891,68820654,219124769
1,"Scream",1996,3,22277474,153041290,257002834
1,"Secrets &amp; Lies",1996,3,6683242,19926891,19926891
1,"Set It Off",1996,3,13366484,53538871,53538871
0,"Space Jam",1996,3,118813194,134353268,371588265
0,"Spy Hard",1996,3,26732969,40004796,40004796
1,"Star Trek: First Contact",1996,3,68317587,136676591,222774739
0,"Striptease",1996,3,74258246,49173429,168283656
1,"That Thing You Do!",1996,3,3712912,38402527,51323462
0,"The Cable Guy",1996,3,69802752,89466773,152713266
1,"The Craft",1996,3,22277474,36786742,82678338
1,"The English Patient",1996,3,51980772,116906798,344137032
0,"The Fan",1996,3,81684071,27598768,27598768
1,"The First Wives Club",1996,3,44554948,156668864,269541399
0,"The Glimmer Man",1996,3,66832422,30304554,54067193
0,"The Hunchback of Notre Dame",1996,3,148516493,148722709,483421183
0,"The Long Kiss Goodnight",1996,3,96535720,49675220,49675220
1,"The Mirror Has Two Faces",1996,3,62376927,61288998,61288998
0,"The Rock",1996,3,111387369,199115335,499118651
0,"Trainspotting",1996,3,4604011,24507872,35645124
1,"Twister",1996,3,130694514,359244145,736493287
1,"Walking and Talking",1996,3,1485165,1912120,2399710
1,"When the Cat&#39;s Away",1996,3,445549,2454193,3751503
1,"Apollo 13",1995,3,99370665,263057839,510765217
0,"Assassins",1995,3,76438973,46331600,127356911
0,"Batman Forever",1995,3,152877946,281342983,514478842
0,"Before Sunrise",1995,3,3821949,8062791,8062791
0,"Braveheart",1995,3,110072121,115492633,319514907
0,"Casino",1995,3,79496532,64878801,168777252
1,"Casper",1995,3,84082870,153379682,431574441
1,"Clueless",1995,3,20944279,86526587,86526587
0,"Congo",1995,3,76438973,123865278,232408620
0,"Copycat",1995,3,30575589,49000312,49000312
0,"Die Hard: With a Vengeance",1995,3,137590151,152897054,557210677
0,"Four rooms",1995,3,6115118,6575280,6575280
1,"Home for the holidays",1995,3,30575589,26706076,33815484
1,"Jumanji",1995,3,99370665,153578601,401699506
0,"Mallrats",1995,3,9325555,3223228,3223228
0,"Mortal Kombat",1995,3,30575589,107676871,186714768
1,"Outbreak",1995,3,76438973,103687285,103687285
1,"Pocahontas",1995,3,84082870,216444248,530639350
1,"Pride and Prejudice",1995,3,42805825,58663337,184857731
1,"Sabrina",1995,3,88669209,81725980,133156691
1,"Safe",1995,3,50449722,26206460,63437029
0,"Se7en",1995,3,45863384,153070026,501631742
1,"Sense and Sensibility",1995,3,25224861,65727998,206375709
1,"Showgirls",1995,3,61151178,31111815,57712577
0,"Species",1995,3,53507281,91810008,173293953
1,"Tank Girl",1995,3,38219486,6213469,6213469
1,"The American President",1995,3,94784326,91761643,164837302
1,"The Bridges of Madison County",1995,3,33633148,109333135,268326198
1,"The Incredibly True Adventures of Two Girls in Love",1995,3,382195,3379226,3787024
1,"The Net",1995,3,33633148,77389465,168963355
0,"The Quick and the Dead",1995,3,48920943,28362620,28362620
0,"The Usual Suspects",1995,3,9172677,35684110,52665468
0,"Toy Story",1995,3,45863384,293190647,557286202
0,"Twelve Monkeys",1995,3,44334604,87356689,258121354
0,"Waterworld",1995,3,267536405,134909008,403974193
1,"Welcome to the Dollhouse",1995,3,1223024,6418026,7697090
0,"Ace Ventura: Pet Detective",1994,3,18859976,113501532,168509796
0,"Beverly Hills Cop III",1994,3,78583235,66932266,187312473
0,"Clerks.",1994,3,42435,4830398,6120440
1,"Crooklyn",1994,3,22003306,20469628,20469628
0,"Dumb &amp; Dumber",1994,3,25146635,199877046,387258182
1,"Ed Wood",1994,3,28289965,9160394,9160394
0,"Forrest Gump",1994,3,86441558,518169206,1067789822
1,"Legends of the Fall",1994,3,47149941,104519746,252256228
1,"Little Women",1994,3,23574970,78588426,78588426
0,"Naked Gun 33 1/3: The Final Insult",1994,3,47149941,80220683,80220683
0,"Police Academy: Mission to Moscow",1994,3,15716647,198418,198418
1,"Priest",1994,3,94299882,45793007,132261912
1,"Pulp Fiction",1994,3,12573318,169627825,334652619
1,"Speed",1994,3,47149941,190561429,445095443
0,"Stargate",1994,3,86441558,112477236,308935323
1,"Street Fighter",1994,3,55008264,52529749,156259619
1,"The Client",1994,3,70724911,144774225,184851675
0,"The Hudsucker Proxy",1994,3,62866588,4426622,23477761
0,"The Lion King",1994,3,124633011,664468621,1497608078
0,"The Mask",1994,3,28289965,188474233,552628944
0,"The Santa Clause",1994,3,34576623,227629474,298301960
0,"The Shadow",1994,3,62866588,50034889,50034889
0,"The Shawshank Redemption",1994,3,39291617,44386120,44386120
0,"The Specialist",1994,3,70724911,90154744,90154744
0,"Timecop",1994,3,44006612,70494790,160394011
0,"True Lies",1994,3,157166470,229906901,574129115
0,"Cliffhanger",1993,3,104809829,135525899,411177020
0,"Cool Runnings",1993,3,22574425,111027894,250021852
1,"Dazed and Confused",1993,3,11125966,12820482,12820482
0,"Gettysburg",1993,3,40311473,17304904,17304904
0,"Groundhog Day",1993,3,23541900,114334580,114334580
1,"Hocus Pocus",1993,3,45148849,63467174,63467174
1,"Jurassic Park",1993,3,101584911,638063379,1669905770
1,"Mrs. Doubtfire",1993,3,40311473,353443011,711555544
1,"Pieces of April",1993,3,483738,4077367,5789647
1,"Schindler&#39;s List",1993,3,40311473,154904378,518188770
0,"Super Mario Bros.",1993,3,67723274,33611556,33611556
1,"The Age of Innocence",1993,3,54823603,51622860,51622860
0,"The Fugitive",1993,3,70948192,296492106,570351412
0,"The Princess and the Cobbler",1993,3,38699014,1079180,1079180
0,"The Remains of the Day",1993,3,24186884,37013943,103124758
1,"Tombstone",1993,3,40311473,91112095,91112095
0,"A Few Good Men",1992,3,54791459,234673774,392672121
1,"A League of Their Own",1992,3,66413889,178543655,219896498
0,"Aladdin",1992,3,46489723,360876835,836898388
0,"Alien 3",1992,3,91319098,91198182,263165037
0,"Army of Darkness",1992,3,18263820,19098934,35702407
0,"Batman Returns",1992,3,132827779,270360376,443020974
1,"Buffy the Vampire Slayer",1992,3,11622431,23629512,23629512
1,"Death Becomes Her",1992,3,91319098,97001885,247429345
0,"El Mariachi",1992,3,11622,3388636,3390310
0,"Glengarry Glen Ross",1992,3,20754340,17807603,17807603
0,"Hero",1992,3,69734584,32355474,110889898
0,"Home Alone 2: Lost in New York",1992,3,33206945,288212232,596056107
0,"Malcolm X",1992,3,58112153,79978777,79978777
0,"My Cousin Vinny",1992,3,18263820,87880798,87880798
0,"Reservoir Dogs",1992,3,1992417,4702152,4702152
0,"The Crying Game",1992,3,6641389,103849232,103849232
0,"The Mighty Ducks",1992,3,16603472,84266502,84266502
0,"The Muppet Christmas Carol",1992,3,19924167,45296775,45296775
1,"The Player",1992,3,13282778,36039665,47945352
0,"Wayne&#39;s World",1992,3,33206945,202059814,304005134
1,"Beauty and the Beast",1991,3,34216807,374591278,772310338
0,"Bill &amp; Ted&#39;s Bogus Journey",1991,3,34216807,64220970,64220970
0,"Hook",1991,3,119758826,204710301,514714575
1,"Hudson Hawk",1991,3,111204624,29458817,29458817
0,"Robin Hood: Prince of Thieves",1991,3,85542018,283133658,668083163
1,"Slacker",1991,3,39349,2100070,2100070
0,"Star Trek VI: The Undiscovered Country",1991,3,46192690,128123117,165780431
1,"Teenage Mutant Ninja Turtles II: The Secret of the Ooze",1991,3,42771009,134569251,134569251
0,"Terminator 2: Judgement Day",1991,3,171084037,350481895,884189932
1,"The Addams Family",1991,3,51325211,194184224,327629772
0,"The Naked Gun 2 1/2: The Smell of Fear",1991,3,39349328,148724056,148724056
1,"The Silence of the Lambs",1991,3,34216807,223652543,471724395
0,"White Fang",1991,3,23951765,59415931,59415931
0,"Back to the Future Part III",1990,3,71319016,156307443,434511105
1,"Child&#39;s Play 2",1990,3,23178680,47970190,60918157
0,"Dark Angel (I Come in Peace)",1990,3,12480828,7796169,7796169
0,"Die Hard 2",1990,3,124808278,209185588,427582507
1,"Edward Scissorhands",1990,3,35659508,96239640,96239640
1,"Flatliners",1990,3,46357360,109310929,109310929
0,"Ghost",1990,3,39225459,388031265,922868068
0,"Goodfellas",1990,3,44574385,83343062,83343062
0,"Home Alone",1990,3,26744631,509505267,849917050
1,"Nikita",1990,3,12480828,8946919,8946919
0,"Predator 2",1990,3,62404139,50489429,97650742
1,"Pretty Woman",1990,3,24961656,318093987,771396947
0,"The Hunt for Red October",1990,3,53489262,215222722,357486568
0,"Total Recall",1990,3,222871925,104977970,354127435
1,"Tremors",1990,3,17829754,29717001,29717001
